goal,goal_num,event_time,att_e,se_e,ci_lo,ci_hi
prop_miss_SDG1,1,-4,-0.052112301131044106,0.06654750665143451,-0.18254541416785575,0.07832081190576752
prop_miss_SDG1,1,-3,0.027780216098536627,0.04802163323076965,-0.06634218503377187,0.12190261723084514
prop_miss_SDG1,1,-2,-0.01322336372242831,0.034611150785642426,-0.08106121926228747,0.054614491817430846
prop_miss_SDG1,1,-1,0.007688875617922604,0.02960082905528663,-0.05032874933043919,0.0657065005662844
prop_miss_SDG1,1,0,6.268050641995634e-4,0.00910047483393596,-0.017210125610314916,0.018463735738714043
prop_miss_SDG1,1,1,0.0072254655960029045,0.03240609096121657,-0.056290472687981576,0.07074140387998738
prop_miss_SDG1,1,2,-0.006700056351743824,0.010563258504645595,-0.02740404302084919,0.014003930317361541
prop_miss_SDG1,1,3,0.004534876599778731,0.02829392326158977,-0.05092121299293721,0.05999096619249468
prop_miss_SDG1,1,4,9.708829030780434e-4,0.028414412616160963,-0.05472136582459744,0.056663131630753524
prop_miss_SDG1,1,5,-0.03146972645704174,0.013540853803688184,-0.05800979991227058,-0.0049296530018129
prop_miss_SDG2,2,-4,-0.07105658003631678,0.06287758309025676,-0.19429664289322002,0.05218348282058648
prop_miss_SDG2,2,-3,0.07607843382375422,0.037847058164407116,0.0018981998215162749,0.15025866782599218
prop_miss_SDG2,2,-2,-0.013723696851436868,0.06162471294050175,-0.1345081342148203,0.10706074051194656
prop_miss_SDG2,2,-1,-0.005014623530423503,0.08032900732207757,-0.16245947788169554,0.15243023082084853
prop_miss_SDG2,2,0,-0.02749905239988253,0.07274378323037271,-0.17007686753141305,0.11507876273164798
prop_miss_SDG2,2,1,-0.018071714131792906,0.061386741896790595,-0.13838972824950246,0.10224629998591667
prop_miss_SDG2,2,2,-0.015016445440598575,0.054294275151652395,-0.12143322473783727,0.09140033385664012
prop_miss_SDG2,2,3,-0.03636864558568914,0.05057362217565981,-0.13549294504998238,0.06275565387860409
prop_miss_SDG2,2,4,-0.01693199883784688,0.03765979544865206,-0.09074519791720492,0.056881200241511165
prop_miss_SDG2,2,5,-0.05767186374694408,0.0721695604764865,-0.19912420228085762,0.08378047478696946
prop_miss_SDG3,3,-4,-0.015283936005038521,0.011497703982241772,-0.037819435810232394,0.0072515638001553525
prop_miss_SDG3,3,-3,0.02723485092786799,0.017240477941788,-0.006556485838036488,0.061026187693772466
prop_miss_SDG3,3,-2,-0.018308277309191923,0.015767253613650466,-0.049212094391946834,0.012595539773562987
prop_miss_SDG3,3,-1,0.009974478555829214,0.025301150512181538,-0.039615776448046605,0.05956473355970503
prop_miss_SDG3,3,0,0.0037850869491785153,0.013534934100341666,-0.02274338388749115,0.030313557785848183
prop_miss_SDG3,3,1,5.160993414085775e-5,0.02341466474544739,-0.045841132966936024,0.045944352835217736
prop_miss_SDG3,3,2,0.00853130055847057,0.017646432652705112,-0.02605570744083145,0.043118308557772586
prop_miss_SDG3,3,3,0.007740389273016533,0.022391495470690925,-0.03614694184953768,0.051627720395570745
prop_miss_SDG3,3,4,0.019532292809667385,0.02160848990759629,-0.022820347409221346,0.06188493302855612
prop_miss_SDG3,3,5,-0.009102712141056228,0.034996069531632826,-0.07769500842305657,0.05948958414094411
prop_miss_SDG4,4,-4,-0.10551650261335238,0.08636342029004297,-0.2747888063818366,0.06375580115513185
prop_miss_SDG4,4,-3,0.05076964979816396,0.07088201225104236,-0.08815909421387907,0.18969839381020698
prop_miss_SDG4,4,-2,-0.0398675513764668,0.09382100138754179,-0.22375671409604872,0.1440216113431151
prop_miss_SDG4,4,-1,-0.01099394584862862,0.08032571809569768,-0.16843235331619605,0.14644446161893881
prop_miss_SDG4,4,0,0.0012243050646367978,0.0833952882788216,-0.16223045996185353,0.16467907009112714
prop_miss_SDG4,4,1,6.310958336070886e-5,0.08863634768616296,-0.17366413188151872,0.17379035104824012
prop_miss_SDG4,4,2,0.058567143435466935,0.08157065371453713,-0.10131133784502586,0.2184456247159597
prop_miss_SDG4,4,3,0.08338479932487472,0.18718328126438338,-0.2834944319533167,0.4502640306030662
prop_miss_SDG4,4,4,0.03157140566254253,0.098300992778674,-0.1610985401836585,0.22424135150874358
prop_miss_SDG4,4,5,-0.013756233829480609,0.11825847351286273,-0.24554284191469156,0.21803037425573035
prop_miss_SDG5,5,-4,-1.1050460855305385e-4,0.004236163620636276,-0.008413385305000156,0.008192376087894047
prop_miss_SDG5,5,-3,0.0028349237025422857,0.0039267779171760836,-0.004861561015122837,0.01053140842020741
prop_miss_SDG5,5,-2,-0.0182880146442116,0.029802258771046343,-0.07670044183546243,0.04012441254703923
prop_miss_SDG5,5,-1,0.016364243248529243,0.02005061474464813,-0.02293496165098109,0.05566344814803957
prop_miss_SDG5,5,0,0.017583934038400736,0.021274548813399144,-0.024114181635861584,0.05928204971266306
prop_miss_SDG5,5,1,0.016464463513293358,0.025847411721969187,-0.03419646346176625,0.06712539048835296
prop_miss_SDG5,5,2,0.020933015717471602,0.02729726563573633,-0.0325696249285716,0.0744356563635148
prop_miss_SDG5,5,3,0.012738119535099235,0.020449941895735825,-0.02734376658054298,0.05282000565074145
prop_miss_SDG5,5,4,0.03550048043178745,0.045998457080904,-0.054656495446784394,0.1256574563103593
prop_miss_SDG5,5,5,0.013377347947517326,0.012588241300458899,-0.011295605001382117,0.03805030089641677
prop_miss_SDG6,6,-4,-0.03397228581256116,0.019217967512500586,-0.07163950213706231,0.0036949305119399894
prop_miss_SDG6,6,-3,0.0016549529493362354,0.011827518573911547,-0.021526983455530398,0.02483688935420287
prop_miss_SDG6,6,-2,0.009541955234063508,0.015932530708804425,-0.021685804955193164,0.04076971542332018
prop_miss_SDG6,6,-1,0.012268846955501567,0.01801009703855538,-0.02303094324006698,0.04756863715107011
prop_miss_SDG6,6,0,0.008401691010695569,0.017677167606065726,-0.02624555749719325,0.04304893951858439
prop_miss_SDG6,6,1,0.003079747121670943,0.018590547836089943,-0.03335772663706534,0.03951722088040723
prop_miss_SDG6,6,2,0.021363760710752633,0.021929036731620607,-0.021617151283223758,0.06434467270472902
prop_miss_SDG6,6,3,0.022708061715709906,0.03694385303997456,-0.049701890242640226,0.09511801367406005
prop_miss_SDG6,6,4,-0.005371023349654462,0.03938071533410877,-0.08255722540450765,0.07181517870519873
prop_miss_SDG6,6,5,-0.0542212413018839,0.05093510550621084,-0.15405404809405715,0.04561156549028934
prop_miss_SDG7,7,-4,0,NA,NA,NA
prop_miss_SDG7,7,-3,0,NA,NA,NA
prop_miss_SDG7,7,-2,0,NA,NA,NA
prop_miss_SDG7,7,-1,0,NA,NA,NA
prop_miss_SDG7,7,0,0,NA,NA,NA
prop_miss_SDG7,7,1,0,NA,NA,NA
prop_miss_SDG7,7,2,-8.599257142102694e-19,NA,NA,NA
prop_miss_SDG7,7,3,5.522807698599126e-4,0.0032246090304025245,-0.005767952929729036,0.006872514469448861
prop_miss_SDG7,7,4,3.54232037464362e-4,0.001653650849261687,-0.0028869236270885447,0.0035953877020172683
prop_miss_SDG7,7,5,-0.019699849676924924,0.05683287572259508,-0.13109228609321127,0.09169258673936143
prop_miss_SDG8,8,-4,1.1161447433916225e-4,0.018779736911529406,-0.036696669872258475,0.0369198988209368
prop_miss_SDG8,8,-3,-0.006654078122812639,0.02104805070791197,-0.0479082575103201,0.034600101264694816
prop_miss_SDG8,8,-2,0.003968282884278251,0.029859434165043823,-0.05455620807920764,0.062492773847764145
prop_miss_SDG8,8,-1,-0.00930235344667794,0.023493194060659996,-0.05534901380557153,0.036744306912215655
prop_miss_SDG8,8,0,-0.014045442515223596,0.0217717992295342,-0.056718169005110626,0.02862728397466343
prop_miss_SDG8,8,1,-0.00927272851698704,0.031567079233301695,-0.07114420381425836,0.05259874678028428
prop_miss_SDG8,8,2,-0.00750211148444878,0.03504603058806207,-0.07619233143705044,0.06118810846815288
prop_miss_SDG8,8,3,-0.012861135696329174,0.03377334780029375,-0.07905689738490491,0.05333462599224657
prop_miss_SDG8,8,4,-0.03671687526107899,0.04368154681125922,-0.12233270701114705,0.04889895648898908
prop_miss_SDG8,8,5,-0.026221937071922045,0.023882243732796044,-0.07303113478820229,0.020587260644358202
prop_miss_SDG9,9,-4,-0.03500408278216863,0.03405278049626179,-0.10174753255484174,0.03173936699050449
prop_miss_SDG9,9,-3,0.0204675129450842,0.028504787330218245,-0.03540187022214356,0.07633689611231195
prop_miss_SDG9,9,-2,-0.004611460242928597,0.030959352378821196,-0.06529179090541813,0.05606887041956094
prop_miss_SDG9,9,-1,6.315734017780573e-4,0.02240793599944177,-0.04328798115712781,0.044551127960683924
prop_miss_SDG9,9,0,-0.004938446653247452,0.019963462770172396,-0.04406683368278534,0.034189940376290445
prop_miss_SDG9,9,1,-0.006376726922474658,0.028959360304432868,-0.06313707311916308,0.05038361927421376
prop_miss_SDG9,9,2,0.010303031017288565,0.023451466805742383,-0.03566184392196651,0.056267905956543636
prop_miss_SDG9,9,3,0.010762079176690484,0.0402773261416682,-0.06818148006097918,0.08970563841436016
prop_miss_SDG9,9,4,-0.0033094466593134816,0.037186245569799055,-0.07619448797611963,0.06957559465749266
prop_miss_SDG9,9,5,-0.01919213924735301,0.031153994175050288,-0.08025396783045158,0.04186968933574555
prop_miss_SDG10,10,-4,-0.05005676736303136,0.15231345906093996,-0.34859114712247363,0.24847761239641095
prop_miss_SDG10,10,-3,0.05517046859670568,0.16076857881019005,-0.25993594587126684,0.37027688306467815
prop_miss_SDG10,10,-2,-0.1396282364553781,0.14465151018252337,-0.42314519641312387,0.14388872350236767
prop_miss_SDG10,10,-1,0.0581060393238704,0.19176513820907062,-0.31775363156590797,0.4339657102136488
prop_miss_SDG10,10,0,0.05506536056019194,0.1401122714001678,-0.2195546913841369,0.3296854125045208
prop_miss_SDG10,10,1,-0.0837926665049383,0.11112041558184707,-0.3015886810453585,0.13400334803548195
prop_miss_SDG10,10,2,0.07453250840126024,0.15421909287217817,-0.22773691362820897,0.37680193043072946
prop_miss_SDG10,10,3,0.07515205484411722,0.10628890083181197,-0.13317419078623424,0.28347830047446865
prop_miss_SDG10,10,4,-0.0718787681678396,0.14495605699320935,-0.35599263987452995,0.21223510353885072
prop_miss_SDG10,10,5,-0.32356650004507526,0.19035032728472037,-0.6966531415231272,0.04952014143297667
prop_miss_SDG11,11,-4,-0.02292495170265941,0.03097351436758886,-0.08363303986313357,0.03778313645781475
prop_miss_SDG11,11,-3,0.010269219029700728,0.02279493063716188,-0.03440884501913656,0.05494728307853801
prop_miss_SDG11,11,-2,-0.0085178327692528,0.018692636352031673,-0.045155400019234876,0.02811973448072928
prop_miss_SDG11,11,-1,0.005257341595795358,0.01928142002879683,-0.03253424166064643,0.043048924852237144
prop_miss_SDG11,11,0,6.538732700764943e-4,0.020901160982203928,-0.040312402255043206,0.041620148795196196
prop_miss_SDG11,11,1,0.004880133426545483,0.026569250348576025,-0.04719559725666353,0.05695586410975449
prop_miss_SDG11,11,2,-0.0046098997608778275,0.021959157575907287,-0.04764984860965611,0.03843004908790046
prop_miss_SDG11,11,3,7.526379480095931e-4,0.03331139458706406,-0.06453769544263596,0.06604297133865514
prop_miss_SDG11,11,4,-0.019841048165463233,0.0529726576905281,-0.1236674572388983,0.08398536090797185
prop_miss_SDG11,11,5,0.013700336970805726,0.020593425978578914,-0.026662777947208942,0.0540634518888204
prop_miss_SDG12,12,-4,0.0026888323853947026,0.002288688244229401,-0.0017969965732949232,0.0071746613440843285
prop_miss_SDG12,12,-3,0.0019066498351506906,0.0020901386938862684,-0.0021900220048663953,0.0060033216751677766
prop_miss_SDG12,12,-2,-0.006440562081017062,0.015120338218089129,-0.03607642498847176,0.023195300826437632
prop_miss_SDG12,12,-1,0.004315142342126389,0.014946578314312894,-0.024980151153926884,0.03361043583817966
prop_miss_SDG12,12,0,0.011364191422546088,0.025639301168122988,-0.03888883886697497,0.06161722171206714
prop_miss_SDG12,12,1,-0.010202984436391532,0.019563031214126263,-0.04854652561607901,0.028140556743295943
prop_miss_SDG12,12,2,0.013387139325006552,0.02631211504123898,-0.03818460615582185,0.06495888480583495
prop_miss_SDG12,12,3,0.022134322535140312,0.019165385120846822,-0.01542983230171946,0.05969847737200008
prop_miss_SDG12,12,4,0.013451719399795425,0.030119962549897027,-0.045583407198002746,0.0724868459975936
prop_miss_SDG12,12,5,-0.04326102369554591,0.04473790557777102,-0.1309473186279771,0.04442527123688529
prop_miss_SDG13,13,-4,0.009000836459866537,0.036536780448584424,-0.06261125321935894,0.080612926139092
prop_miss_SDG13,13,-3,0.007446934141987472,0.03159784185182185,-0.054484835887583356,0.0693787041715583
prop_miss_SDG13,13,-2,-0.018324128568086722,0.027355007485835085,-0.07193994324032349,0.03529168610415004
prop_miss_SDG13,13,-1,-0.008949632140628206,0.02900607413176422,-0.06580153743888607,0.04790227315762967
prop_miss_SDG13,13,0,8.746686316965045e-4,0.04818091248934768,-0.09355991984742494,0.09530925711081796
prop_miss_SDG13,13,1,0.008901741653230013,0.026779460293660465,-0.0435860005223445,0.06138948382880452
prop_miss_SDG13,13,2,0.008751044761329247,0.029960499322243702,-0.04997153391026841,0.0674736234329269
prop_miss_SDG13,13,3,0.021643321986361763,0.03583370361287054,-0.0485907370948645,0.09187738106758803
prop_miss_SDG13,13,4,0.02429427795062461,0.03667748511028995,-0.04759359286554368,0.0961821487667929
prop_miss_SDG13,13,5,-0.07900734323271055,0.08089980205032192,-0.2375709552513415,0.0795562687859204
prop_miss_SDG14,14,-4,-0.0032628036156912756,0.00447549965510299,-0.012034782939693137,0.005509175708310585
prop_miss_SDG14,14,-3,-0.0011625353209023287,0.0020129325607651095,-0.005107883140001943,0.002782812498197286
prop_miss_SDG14,14,-2,-0.008038638619628282,0.007418779543746488,-0.0225794465253714,0.006502169286114835
prop_miss_SDG14,14,-1,0.02107449812546313,0.02624380640336256,-0.030363362425127487,0.07251235867605374
prop_miss_SDG14,14,0,0.009499119029717541,0.05511391120294319,-0.09852414692805112,0.11752238498748618
prop_miss_SDG14,14,1,0.02330039189886876,0.07994055519351141,-0.13338309628041362,0.17998388007815114
prop_miss_SDG14,14,2,0.014132214989466235,0.07672524769482446,-0.1362492704923897,0.16451370047132216
prop_miss_SDG14,14,3,-0.041831265514258545,0.07991336636100305,-0.19846146358182454,0.11479893255330743
prop_miss_SDG14,14,4,-0.062328604785199734,0.06978756602116976,-0.19911223418669244,0.07445502461629298
prop_miss_SDG14,14,5,-0.09274299169445445,0.0629454336582165,-0.21611604166455878,0.030630058275649893
prop_miss_SDG15,15,-4,-0.012370041565058148,0.00914615448949577,-0.03029650436446986,0.005556421234353563
prop_miss_SDG15,15,-3,0.006413278237691426,0.018870632258653413,-0.030573160989269262,0.04339971746465211
prop_miss_SDG15,15,-2,-0.005462742148128144,0.028037732643134174,-0.06041669812867112,0.04949121383241484
prop_miss_SDG15,15,-1,-0.013067768158229158,0.025413574236983587,-0.06287837366271698,0.03674283734625867
prop_miss_SDG15,15,0,0.014712917385916421,0.04476487752106123,-0.0730262425553636,0.10245207732719643
prop_miss_SDG15,15,1,0,NA,NA,NA
prop_miss_SDG15,15,2,-0.013067768158229158,0.025413574236983587,-0.06287837366271698,0.03674283734625867
prop_miss_SDG15,15,3,0.014712917385916421,0.04476487752106123,-0.0730262425553636,0.10245207732719643
prop_miss_SDG15,15,4,0,NA,NA,NA
prop_miss_SDG15,15,5,-0.012425562231255842,0.013833155150206009,-0.03953854632565962,0.014687421863147934
prop_miss_SDG16,16,-4,-0.03823200691066299,0.10009177389103094,-0.2344118837370836,0.15794786991575765
prop_miss_SDG16,16,-3,0.012579594637525742,0.0806972150080849,-0.14558694677832065,0.17074613605337216
prop_miss_SDG16,16,-2,0.021707601862567788,0.060596941042914014,-0.09706240258154368,0.14047760630667927
prop_miss_SDG16,16,-1,-0.059495516011182414,0.08220048188453206,-0.22060846050486527,0.10161742848250044
prop_miss_SDG16,16,0,-0.041632679437265355,0.052961480981636534,-0.14543718216127297,0.062171823286742256
prop_miss_SDG16,16,1,-0.0871839946654337,0.09197252269278264,-0.26745013914328764,0.09308214981242027
prop_miss_SDG16,16,2,-0.03287728791832893,0.0948998023575775,-0.21888090053918086,0.15312632470252296
prop_miss_SDG16,16,3,-0.06425794776966401,0.10572935059859821,-0.2714874749429165,0.14297157940358848
prop_miss_SDG16,16,4,-0.04738893433376862,0.1002518126462335,-0.2438824871203863,0.14910461845284906
prop_miss_SDG16,16,5,-0.0772384511845711,0.11629044608176183,-0.3051677255048243,0.15069082313568208
prop_miss_SDG17,17,-4,-0.010836438514975542,0.008383043280387062,-0.027267203344534183,0.005594326314583099
prop_miss_SDG17,17,-3,0.00862737150884618,0.019512848909171293,-0.029617812353129554,0.04687255537082192
prop_miss_SDG17,17,-2,0.01997391769806528,0.024997738525706577,-0.02902164981231961,0.06896948520845017
prop_miss_SDG17,17,-1,-0.006405675062978651,0.020025285950536258,-0.045655235526029715,0.032843885400072416
prop_miss_SDG17,17,0,0.021925803631654098,0.017061824841421862,-0.011515373057532752,0.05536698032084095
prop_miss_SDG17,17,1,0.014728123940309524,0.022319518702923497,-0.02901813271742053,0.05847438059803958
prop_miss_SDG17,17,2,0.016589296628396543,0.01802230587331088,-0.018734422883292783,0.051913016140085866
prop_miss_SDG17,17,3,0.010823802764264739,0.03088950268333411,-0.049719622495070115,0.0713672280235996
prop_miss_SDG17,17,4,0.03682970854346875,0.04584203696325165,-0.05302068390450448,0.12668010099144197
prop_miss_SDG17,17,5,0.09361603016504039,0.0596103134823814,-0.023220184260427143,0.21045224459050793
