event_time,att_e,se_e,ci_lo,ci_hi
-4,-0.02587430636211132,0.017509641288735233,-0.060193203288032376,0.008444590563809737
-3,0.015146702138572068,0.014786701122738678,-0.013835232061995741,0.04412863633913988
-2,-0.007872564783133888,0.016200449838021453,-0.03962544646565594,0.02388031689938816
-1,-4.7738116134788235e-4,0.010718071375127225,-0.021484801056597242,0.020530038733901478
0,1.0765813611342658e-4,0.010716816880695739,-0.020897302950050222,0.021112619222277074
1,-0.007615215948549251,0.016325859370728755,-0.039613900315177614,0.024383468418079108
2,0.007659445159445164,0.011550823272509727,-0.014980168454673901,0.030299058773564227
3,0.0029672529672529523,0.02018317157167908,-0.03659176331323804,0.04252626924774395
4,-0.012786596119929435,0.019059257632726326,-0.050142741080073036,0.024569548840214162
5,-0.03301515801515796,0.014035434303563559,-0.06052460925014254,-0.005505706780173387
