event_time,att_e,se_e,n_gt,ci_lo,ci_hi
-4,-0.027383882291776945,0.015440170280447111,1,-0.05764661604145328,0.0028788514578993937
-3,0.019218435090019838,0.014366640827100766,2,-0.008940180931097663,0.04737705111113734
-2,-0.008704934791041164,0.018882338333150065,3,-0.045714317924015285,0.02830444834193296
-1,-0.002809797106470533,0.011871275799949982,4,-0.026077497674372497,0.02045790346143143
0,0.005782055537877,0.012736581760700536,5,-0.01918164471309605,0.03074575578885005
1,-0.003496877742616168,0.009606670447560257,5,-0.022325951819834274,0.015332196334601936
2,0.0032524087700880337,0.014261318976052255,5,-0.024699776422974384,0.03120459396315045
3,0.0028420104603698168,0.013060788770998902,5,-0.02275713553078803,0.028441156451527665
4,0.0021987814698798984,0.011205408801173702,4,-0.019763819780420556,0.024161382720180355
5,-0.021333269899316238,0.01419661176151142,3,-0.04915862895187862,0.0064920891532461444
