SDG_goal,event_time,n_countries_obs,n_pairs,n_increase,n_decrease,n_same,prop_n_increase,prop_n_decrease,prop_n_same,avg_n_missing,med_n_missing,sd_n_missing,avg_prop_missing,med_prop_missing,sd_prop_missing
Overall,-8,2,0,0,0,0,NA,NA,NA,54.5,54.5,2.1213203435596424,43.25396825396825,43.25396825396825,1.6835875742536823
Overall,-7,4,2,2,0,0,100,0,0,63.5,60.5,10.847426730181986,50.39682539682539,48.01587301587301,8.609068833477767
Overall,-6,7,4,1,3,0,25,75,0,55.714285714285715,54,10.127755357009201,44.21768707482993,42.857142857142854,8.03790107699143
Overall,-5,13,7,3,4,0,42.857142857142854,57.14285714285714,0,53.76923076923077,53,10.20746333289068,42.67399267399267,42.06349206349206,8.101161375310063
Overall,-4,19,13,7,5,1,53.84615384615385,38.46153846153847,7.6923076923076925,56.1578947368421,56,11.161755924657975,44.569757727652465,44.44444444444444,8.858536448141251
Overall,-3,26,19,12,7,0,63.1578947368421,36.84210526315789,0,57.26923076923077,57.5,10.705354519333557,45.45177045177045,45.63492063492063,8.49631311058219
Overall,-2,29,26,12,12,2,46.15384615384615,46.15384615384615,7.6923076923076925,57.03448275862069,58,11.027507031512119,45.26546250684182,46.03174603174603,8.751989707549304
Overall,-1,36,29,14,12,3,48.275862068965516,41.37931034482759,10.344827586206897,56.94444444444444,59,10.002698048725065,45.19400352733686,46.82539682539682,7.938649245019895
Overall,0,42,36,21,12,3,58.333333333333336,33.33333333333333,8.333333333333332,59.5,60,11.626819291159054,47.22222222222222,47.61904761904762,9.22763435806274
Overall,1,40,40,24,15,1,60,37.5,2.5,59.425,59.5,12.401173434965843,47.16269841269841,47.22222222222222,9.84220113886178
Overall,2,38,38,21,15,2,55.26315789473685,39.473684210526315,5.263157894736842,60.026315789473685,61,12.191017610686496,47.63993316624895,48.41269841269842,9.675410802132141
Overall,3,35,35,21,12,2,60,34.285714285714285,5.714285714285714,62.22857142857143,60,12.194708867773265,49.38775510204082,47.61904761904761,9.678340371248622
Overall,4,29,29,24,3,2,82.75862068965517,10.344827586206897,6.896551724137931,65.10344827586206,64,13.539215074279095,51.66940339354132,50.79365079365079,10.74540878911039
Overall,5,23,23,15,7,1,65.21739130434783,30.434782608695656,4.3478260869565215,66.08695652173913,66,12.756150186828814,52.44996549344375,52.38095238095239,10.12392871970541
Overall,6,16,16,10,4,2,62.5,25,12.5,64.625,63,13.603308421115798,51.28968253968254,50,10.796276524695077
Overall,7,13,13,12,1,0,92.3076923076923,7.6923076923076925,0,72.15384615384616,76,10.550246078063408,57.26495726495726,60.317460317460316,8.373211173066196
Overall,8,6,6,6,0,0,100,0,0,83.5,80,7.918333157931662,66.26984126984127,63.49206349206349,6.284391395183859
1,-8,2,0,0,0,0,NA,NA,NA,1,1,0,33.33333333333333,33.33333333333333,0
1,-7,4,2,0,0,2,0,0,100,1.5,1,1,50,33.33333333333333,33.333333333333336
1,-6,7,4,0,0,4,0,0,100,1.4285714285714286,1,1.1338934190276817,47.61904761904761,33.33333333333333,37.79644730092272
1,-5,13,7,0,0,7,0,0,100,1.1538461538461537,1,0.898717034272917,38.46153846153847,33.33333333333333,29.957234475763904
1,-4,19,13,0,1,12,0,7.6923076923076925,92.3076923076923,1.105263157894737,1,0.9365858115816941,36.84210526315789,33.33333333333333,31.219527052723134
1,-3,26,19,1,0,18,5.263157894736842,0,94.73684210526315,1.1923076923076923,1,0.8494342008292705,39.743589743589745,33.33333333333333,28.31447336097569
1,-2,29,26,0,1,25,0,3.8461538461538463,96.15384615384616,1.1379310344827587,1,0.8334154310955477,37.93103448275862,33.33333333333333,27.780514369851584
1,-1,36,29,1,0,28,3.4482758620689653,0,96.55172413793103,1.1666666666666667,1,0.8106434833777778,38.888888888888886,33.33333333333333,27.021449445925917
1,0,42,36,0,1,35,0,2.7777777777777777,97.22222222222221,1.119047619047619,1,0.7715167498104596,37.3015873015873,33.33333333333333,25.717224993681974
1,1,40,40,1,1,38,2.5,2.5,95,1.125,1,0.7905694150420949,37.5,33.33333333333333,26.352313834736496
1,2,38,38,1,1,36,2.631578947368421,2.631578947368421,94.73684210526315,1.0789473684210527,1,0.7491104254964568,35.964912280701746,33.33333333333333,24.97034751654856
1,3,35,35,2,0,33,5.714285714285714,0,94.28571428571428,1.0857142857142859,1,0.6584933146039916,36.19047619047619,33.33333333333333,21.94977715346638
1,4,29,29,1,0,28,3.4482758620689653,0,96.55172413793103,1.1379310344827585,1,0.6930335969507275,37.93103448275862,33.33333333333333,23.101119898357574
1,5,23,23,0,0,23,0,0,100,1.0869565217391304,1,0.6683115412781178,36.231884057971016,33.33333333333333,22.27705137593727
1,6,16,16,0,0,16,0,0,100,1,1,0.6324555320336759,33.33333333333333,33.33333333333333,21.081851067789195
1,7,13,13,1,0,12,7.6923076923076925,0,92.3076923076923,1.0769230769230769,1,0.6405126152203486,35.8974358974359,33.33333333333333,21.350420507344957
1,8,6,6,1,0,5,16.666666666666664,0,83.33333333333334,1,1,0,33.33333333333333,33.33333333333333,0
10,-8,2,0,0,0,0,NA,NA,NA,2,2,1.4142135623730951,66.66666666666666,66.66666666666666,47.14045207910317
10,-7,4,2,0,0,2,0,0,100,2,2,1.1547005383792515,66.66666666666666,66.66666666666666,38.490017945975055
10,-6,7,4,0,0,4,0,0,100,1.7142857142857142,1,1.2535663410560174,57.14285714285714,33.33333333333333,41.78554470186725
10,-5,13,7,1,1,5,14.285714285714285,14.285714285714285,71.42857142857143,1.6153846153846154,1,1.1929278784054478,53.84615384615385,33.33333333333333,39.76426261351493
10,-4,19,13,2,3,8,15.384615384615385,23.076923076923077,61.53846153846154,1.6842105263157894,1,1.2042808632793345,56.14035087719298,33.33333333333333,40.142695442644474
10,-3,26,19,4,2,13,21.052631578947366,10.526315789473683,68.42105263157895,2.0384615384615383,3,1.1825656592602114,67.94871794871796,100,39.41885530867371
10,-2,29,26,2,5,19,7.6923076923076925,19.230769230769234,73.07692307692307,1.896551724137931,3,1.2054882705540313,63.2183908045977,100,40.182942351801046
10,-1,36,29,6,3,20,20.689655172413794,10.344827586206897,68.96551724137932,2.111111111111111,3,1.1656458118700372,70.37037037037037,100,38.85486039566791
10,0,42,36,4,4,28,11.11111111111111,11.11111111111111,77.77777777777779,2.0714285714285716,3,1.176867631300474,69.04761904761905,100,39.22892104334913
10,1,40,40,8,5,27,20,12.5,67.5,2.225,3,1.1206110970221697,74.16666666666667,100,37.35370323407232
10,2,38,38,7,5,26,18.421052631578945,13.157894736842104,68.42105263157895,2.210526315789474,3,1.1427301290932215,73.68421052631578,100,38.09100430310739
10,3,35,35,8,6,21,22.857142857142858,17.142857142857142,60,2.257142857142857,3,1.0666841735258008,75.23809523809524,100,35.556139117526676
10,4,29,29,7,1,21,24.137931034482758,3.4482758620689653,72.41379310344827,2.5172413793103448,3,0.9863601796204503,83.9080459770115,100,32.87867265401502
10,5,23,23,3,4,16,13.043478260869565,17.391304347826086,69.56521739130434,2.3043478260869565,3,1.1051442772406626,76.81159420289855,100,36.83814257468875
10,6,16,16,5,0,11,31.25,0,68.75,2.5625,3,0.963932916061417,85.41666666666666,100,32.13109720204723
10,7,13,13,2,0,11,15.384615384615385,0,84.61538461538461,2.769230769230769,3,0.8320502943378437,92.3076923076923,100,27.735009811261463
10,8,6,6,1,0,5,16.666666666666664,0,83.33333333333334,3,3,0,100,100,0
11,-8,2,0,0,0,0,NA,NA,NA,3,3,0,50,50,0
11,-7,4,2,0,0,2,0,0,100,3,3,0,50,50,0
11,-6,7,4,0,0,4,0,0,100,3.142857142857143,3,0.37796447300922725,52.38095238095239,50,6.299407883487119
11,-5,13,7,0,0,7,0,0,100,3.1538461538461537,3,0.3755338080994054,52.56410256410257,50,6.258896801656755
11,-4,19,13,1,1,11,7.6923076923076925,7.6923076923076925,84.61538461538461,3.210526315789474,3,0.6306035352846117,53.50877192982456,50,10.51005892141019
11,-3,26,19,2,0,17,10.526315789473683,0,89.47368421052632,3.269230769230769,3,0.5334935656738368,54.48717948717948,50,8.891559427897286
11,-2,29,26,1,3,22,3.8461538461538463,11.538461538461538,84.61538461538461,3.1724137931034484,3,0.6584052983883202,52.87356321839081,50,10.973421639805334
11,-1,36,29,3,3,23,10.344827586206897,10.344827586206897,79.3103448275862,3.1666666666666665,3,0.5606119105813882,52.77777777777778,50,9.343531843023133
11,0,42,36,5,4,27,13.88888888888889,11.11111111111111,75,3.142857142857143,3,0.813646671426452,52.38095238095239,50,13.560777857107537
11,1,40,40,6,3,31,15,7.5,77.5,3.175,3,0.6359930655967716,52.916666666666664,50,10.599884426612862
11,2,38,38,6,6,26,15.789473684210526,15.789473684210526,68.42105263157895,3.1578947368421053,3,0.7893314238824573,52.63157894736842,50,13.155523731374286
11,3,35,35,11,2,22,31.428571428571427,5.714285714285714,62.857142857142854,3.3714285714285714,3,0.807527609643246,56.19047619047619,50,13.458793494054103
11,4,29,29,7,7,15,24.137931034482758,24.137931034482758,51.724137931034484,3.2413793103448274,3,1.0231314820474688,54.02298850574713,50,17.05219136745782
11,5,23,23,14,4,5,60.86956521739131,17.391304347826086,21.73913043478261,3.5652173913043477,3,1.079818459343208,59.42028985507246,50,17.99697432238681
11,6,16,16,7,0,9,43.75,0,56.25,3.5625,3,0.8139410298049853,59.375,50,13.565683830083088
11,7,13,13,7,0,6,53.84615384615385,0,46.15384615384615,4.153846153846154,4,0.898717034272917,69.23076923076923,66.66666666666666,14.978617237881956
11,8,6,6,6,0,0,100,0,0,5,5,0,83.33333333333334,83.33333333333334,0
12,-8,2,0,0,0,0,NA,NA,NA,4,4,0,50,50,0
12,-7,4,2,0,0,2,0,0,100,4.75,4,2.217355782608345,59.375,50,27.716947282604316
12,-6,7,4,0,1,3,0,25,75,4.142857142857143,4,1.7728105208558367,51.78571428571429,50,22.16013151069796
12,-5,13,7,1,0,6,14.285714285714285,0,85.71428571428571,4,4,1.2909944487358056,50,50,16.13743060919757
12,-4,19,13,0,1,12,0,7.6923076923076925,92.3076923076923,4.315789473684211,4,1.7013926184468016,53.94736842105263,50,21.26740773058502
12,-3,26,19,0,3,16,0,15.789473684210526,84.21052631578947,4.115384615384615,4,1.5576115838532547,51.442307692307686,50,19.470144798165684
12,-2,29,26,3,5,18,11.538461538461538,19.230769230769234,69.23076923076923,4.0344827586206895,4,1.267245568171087,50.43103448275862,50,15.840569602138588
12,-1,36,29,3,6,20,10.344827586206897,20.689655172413794,68.96551724137932,3.9166666666666665,4,1.40152977645347,48.95833333333333,50,17.519122205668374
12,0,42,36,7,8,21,19.444444444444446,22.22222222222222,58.333333333333336,4.095238095238095,4,1.4281067769316949,51.19047619047619,50,17.851334711646185
12,1,40,40,5,12,23,12.5,30,57.49999999999999,3.925,4,1.5423508530312267,49.0625,50,19.279385662890334
12,2,38,38,9,7,22,23.684210526315788,18.421052631578945,57.89473684210527,3.8947368421052633,3,1.502960568151003,48.68421052631579,37.5,18.787007101887536
12,3,35,35,13,12,10,37.142857142857146,34.285714285714285,28.57142857142857,3.9714285714285715,4,1.4034770746826126,49.642857142857146,50,17.543463433532658
12,4,29,29,7,13,9,24.137931034482758,44.827586206896555,31.03448275862069,3.793103448275862,3,1.5896834892704628,47.41379310344828,37.5,19.871043615880783
12,5,23,23,10,4,9,43.47826086956522,17.391304347826086,39.130434782608695,3.6956521739130435,3,1.1845514152353067,46.19565217391305,37.5,14.806892690441334
12,6,16,16,9,7,0,56.25,43.75,0,4,4,1.6733200530681511,50,50,20.91650066335189
12,7,13,13,2,6,5,15.384615384615385,46.15384615384615,38.46153846153847,3.6923076923076925,3,1.3155870289605436,46.15384615384615,37.5,16.444837862006796
12,8,6,6,3,0,3,50,0,50,4.833333333333333,3.5,2.48327740429189,60.416666666666664,43.75,31.040967553648624
13,-8,2,0,0,0,0,NA,NA,NA,2,2,0,50,50,0
13,-7,4,2,0,0,2,0,0,100,2.25,2,0.5,56.25,50,12.5
13,-6,7,4,0,0,4,0,0,100,2.142857142857143,2,0.3779644730092273,53.57142857142857,50,9.449111825230682
13,-5,13,7,0,0,7,0,0,100,1.9230769230769231,2,0.49354811679282445,48.07692307692308,50,12.338702919820612
13,-4,19,13,2,0,11,15.384615384615385,0,84.61538461538461,2.1052631578947367,2,0.4588314677411235,52.63157894736842,50,11.470786693528087
13,-3,26,19,1,0,18,5.263157894736842,0,94.73684210526315,2.1153846153846154,2,0.3258125936084211,52.88461538461539,50,8.145314840210528
13,-2,29,26,0,2,24,0,7.6923076923076925,92.3076923076923,2.0344827586206895,2,0.4211174438061577,50.86206896551724,50,10.527936095153942
13,-1,36,29,2,2,25,6.896551724137931,6.896551724137931,86.20689655172413,2,2,0.4140393356054125,50,50,10.350983390135312
13,0,42,36,3,2,31,8.333333333333332,5.555555555555555,86.11111111111111,2.0476190476190474,2,0.4390889099577119,51.19047619047619,50,10.977222748942797
13,1,40,40,2,5,33,5,12.5,82.5,2,2,0.4529108136578383,50,50,11.322770341445958
13,2,38,38,3,5,30,7.894736842105263,13.157894736842104,78.94736842105263,1.9736842105263157,2,0.49247538587212697,49.34210526315789,50,12.311884646803174
13,3,35,35,3,7,25,8.571428571428571,20,71.42857142857143,1.9142857142857141,2,0.5621088742891558,47.857142857142854,50,14.052721857228894
13,4,29,29,4,5,20,13.793103448275861,17.24137931034483,68.96551724137932,1.9655172413793103,2,0.49876695250026715,49.137931034482754,50,12.469173812506678
13,5,23,23,1,9,13,4.3478260869565215,39.130434782608695,56.52173913043478,1.6956521739130435,2,0.6349504353380415,42.391304347826086,50,15.873760883451038
13,6,16,16,4,2,10,25,12.5,62.5,2,2,0.5163977794943222,50,50,12.909944487358056
13,7,13,13,1,4,8,7.6923076923076925,30.76923076923077,61.53846153846154,1.8461538461538463,2,0.6887372317211946,46.15384615384615,50,17.218430793029864
13,8,6,6,0,5,1,0,83.33333333333334,16.666666666666664,1.5,1.5,0.5477225575051661,37.5,37.5,13.693063937629152
14,-8,2,0,0,0,0,NA,NA,NA,3.5,3.5,3.5355339059327378,58.33333333333333,58.33333333333333,58.92556509887896
14,-7,4,2,0,0,2,0,0,100,2.75,2,2.362907813126304,45.83333333333333,33.33333333333333,39.381796885438405
14,-6,7,4,0,0,4,0,0,100,2.2857142857142856,1,1.889822365046136,38.095238095238095,16.666666666666664,31.4970394174356
14,-5,13,7,0,2,5,0,28.57142857142857,71.42857142857143,2.3076923076923075,1,2.0970064133034736,38.46153846153847,16.666666666666664,34.950106888391225
14,-4,19,13,2,1,10,15.384615384615385,7.6923076923076925,76.92307692307693,2.736842105263158,2,2.156182461439092,45.614035087719294,33.33333333333333,35.936374357318215
14,-3,26,19,3,2,14,15.789473684210526,10.526315789473683,73.68421052631578,2.730769230769231,2,2.0505158825562373,45.51282051282051,33.33333333333333,34.17526470927062
14,-2,29,26,4,6,16,15.384615384615385,23.076923076923077,61.53846153846154,3.0689655172413794,3,2.1701058973956386,51.14942528735632,50,36.16843162326064
14,-1,36,29,9,4,16,31.03448275862069,13.793103448275861,55.172413793103445,3.25,3,2.089087292165101,54.166666666666664,50,34.818121536085016
14,0,42,36,9,7,20,25,19.444444444444446,55.55555555555556,3.4047619047619047,4,2.1306076518961055,56.74603174603175,66.66666666666666,35.51012753160176
14,1,40,40,10,2,28,25,5,70,3.65,4,1.8612099731364442,60.83333333333333,66.66666666666666,31.020166218940748
14,2,38,38,8,7,23,21.052631578947366,18.421052631578945,60.526315789473685,3.7894736842105265,4,2.0289511967389027,63.1578947368421,66.66666666666666,33.81585327898169
14,3,35,35,7,5,23,20,14.285714285714285,65.71428571428571,3.9714285714285715,4,1.83888895941055,66.19047619047619,66.66666666666666,30.648149323509177
14,4,29,29,10,0,19,34.48275862068966,0,65.51724137931035,4.448275862068965,4,1.3518824678560455,74.13793103448276,66.66666666666666,22.53137446426743
14,5,23,23,4,0,19,17.391304347826086,0,82.6086956521739,4.695652173913044,4,0.973969507115348,78.26086956521738,66.66666666666666,16.23282511858913
14,6,16,16,0,0,16,0,0,100,4.875,4,1.02469507659596,81.25,66.66666666666666,17.078251276599328
14,7,13,13,0,0,13,0,0,100,4.615384615384615,4,0.960768922830523,76.92307692307692,66.66666666666666,16.012815380508712
14,8,6,6,0,0,6,0,0,100,4.666666666666667,4,1.0327955589886444,77.77777777777779,66.66666666666666,17.21325931647741
15,-8,2,0,0,0,0,NA,NA,NA,2,2,0,40,40,0
15,-7,4,2,0,2,0,0,100,0,1.75,1.5,0.9574271077563381,35,30.000000000000004,19.148542155126762
15,-6,7,4,0,1,3,0,25,75,1.7142857142857142,2,0.7559289460184545,34.285714285714285,40,15.118578920369089
15,-5,13,7,2,4,1,28.57142857142857,57.14285714285714,14.285714285714285,1.6923076923076923,2,0.48038446141526137,33.84615384615385,40,9.60768922830523
15,-4,19,13,2,8,3,15.384615384615385,61.53846153846154,23.076923076923077,1.5263157894736843,1,0.6966922684794661,30.526315789473685,20,13.93384536958932
15,-3,26,19,3,5,11,15.789473684210526,26.31578947368421,57.89473684210527,1.5769230769230769,1.5,0.6433087546786176,31.538461538461537,30.000000000000004,12.866175093572352
15,-2,29,26,9,13,4,34.61538461538461,50,15.384615384615385,1.4827586206896552,1,0.5085476277156077,29.655172413793107,20,10.170952554312157
15,-1,36,29,8,11,10,27.586206896551722,37.93103448275862,34.48275862068966,1.5,1,0.609449400220044,30,20,12.188988004400883
15,0,42,36,10,12,14,27.77777777777778,33.33333333333333,38.88888888888889,1.5476190476190477,1,0.6325473452782667,30.952380952380953,20,12.650946905565338
15,1,40,40,11,17,12,27.500000000000004,42.5,30,1.425,1,0.5494752741689812,28.500000000000004,20,10.989505483379618
15,2,38,38,12,11,15,31.57894736842105,28.947368421052634,39.473684210526315,1.4473684210526316,1,0.5549467187013901,28.947368421052634,20,11.098934374027799
15,3,35,35,12,11,12,34.285714285714285,31.428571428571427,34.285714285714285,1.5142857142857142,1,0.6122008787696948,30.28571428571429,20,12.244017575393894
15,4,29,29,5,13,11,17.24137931034483,44.827586206896555,37.93103448275862,1.3448275862068966,1,0.5526470114022355,26.896551724137936,20,11.05294022804471
15,5,23,23,7,5,11,30.434782608695656,21.73913043478261,47.82608695652174,1.434782608695652,1,0.5068698018697019,28.695652173913043,20,10.137396037394037
15,6,16,16,6,7,3,37.5,43.75,18.75,1.5,1,0.6324555320336759,30,20,12.64911064067352
15,7,13,13,2,4,7,15.384615384615385,30.76923076923077,53.84615384615385,1.3846153846153846,1,0.6504436355879909,27.692307692307693,20,13.008872711759818
15,8,6,6,1,2,3,16.666666666666664,33.33333333333333,50,1.3333333333333333,1,0.5163977794943223,26.666666666666668,20,10.327955589886445
16,-8,2,0,0,0,0,NA,NA,NA,3,3,0,25,25,0
16,-7,4,2,2,0,0,100,0,0,7.75,8,2.217355782608345,64.58333333333334,66.66666666666667,18.477964855069544
16,-6,7,4,1,3,0,25,75,0,5,4,2.3804761428476167,41.66666666666667,33.33333333333333,19.837301190396804
16,-5,13,7,4,1,2,57.14285714285714,14.285714285714285,28.57142857142857,5.076923076923077,4,2.2532028485964326,42.30769230769231,33.33333333333333,18.77669040497027
16,-4,19,13,7,4,2,53.84615384615385,30.76923076923077,15.384615384615385,5.894736842105263,6,2.4696994158557763,49.12280701754386,50,20.580828465464805
16,-3,26,19,8,6,5,42.10526315789473,31.57894736842105,26.31578947368421,5.538461538461538,5,2.51763014330174,46.15384615384615,41.66666666666667,20.980251194181164
16,-2,29,26,10,6,10,38.46153846153847,23.076923076923077,38.46153846153847,6.137931034482759,6,2.57354866077166,51.14942528735632,50,21.446238839763833
16,-1,36,29,5,14,10,17.24137931034483,48.275862068965516,34.48275862068966,5.194444444444445,4,2.754937846791201,43.28703703703704,33.33333333333333,22.95781538992668
16,0,42,36,14,8,14,38.88888888888889,22.22222222222222,38.88888888888889,5.714285714285714,5,2.769923079725467,47.61904761904762,41.66666666666667,23.082692331045564
16,1,40,40,12,17,11,30,42.5,27.500000000000004,5.25,5,2.6189643676412167,43.75,41.66666666666667,21.824703063676807
16,2,38,38,11,15,12,28.947368421052634,39.473684210526315,31.57894736842105,5.078947368421053,5,2.2225086744410834,42.32456140350877,41.66666666666667,18.520905620342358
16,3,35,35,10,9,16,28.57142857142857,25.71428571428571,45.714285714285715,4.914285714285715,4,2.1333683470516007,40.95238095238095,33.33333333333333,17.77806955876335
16,4,29,29,12,4,13,41.37931034482759,13.793103448275861,44.827586206896555,5.413793103448276,6,2.1131770492269006,45.11494252873563,50,17.609808743557508
16,5,23,23,8,6,9,34.78260869565217,26.08695652173913,39.130434782608695,5.3478260869565215,6,2.2685336804395337,44.565217391304344,50,18.904447336996117
16,6,16,16,7,5,4,43.75,31.25,25,5.3125,4.5,2.4689741459426693,44.27083333333333,37.5,20.574784549522242
16,7,13,13,6,3,4,46.15384615384615,23.076923076923077,30.76923076923077,5.538461538461538,5,1.8536173919925967,46.15384615384615,41.66666666666667,15.446811599938309
16,8,6,6,5,0,1,83.33333333333334,0,16.666666666666664,7.166666666666667,6,2.228601953392904,59.72222222222222,50,18.571682944940868
17,-8,2,0,0,0,0,NA,NA,NA,6.5,6.5,0.7071067811865476,81.25,81.25,8.838834764831844
17,-7,4,2,0,2,0,0,100,0,6,6,0.816496580927726,75,75,10.206207261596575
17,-6,7,4,0,2,2,0,50,50,5.857142857142857,6,0.6900655593423543,73.21428571428571,75,8.625819491779428
17,-5,13,7,0,3,4,0,42.857142857142854,57.14285714285714,5.846153846153846,6,0.8006407690254357,73.07692307692307,75,10.008009612817945
17,-4,19,13,1,8,4,7.6923076923076925,61.53846153846154,30.76923076923077,5.578947368421052,6,0.7685331969757722,69.73684210526315,75,9.606664962197152
17,-3,26,19,1,7,11,5.263157894736842,36.84210526315789,57.89473684210527,5.423076923076923,5,0.7027418828034615,67.78846153846155,62.5,8.784273535043269
17,-2,29,26,3,12,11,11.538461538461538,46.15384615384615,42.30769230769231,5.172413793103448,5,0.8048498314788463,64.65517241379311,62.5,10.060622893485577
17,-1,36,29,5,7,17,17.24137931034483,24.137931034482758,58.620689655172406,5.305555555555555,5,0.8558853209044319,66.31944444444444,62.5,10.6985665113054
17,0,42,36,4,14,18,11.11111111111111,38.88888888888889,50,5.214285714285714,5,0.924878747114513,65.17857142857143,62.5,11.560984338931412
17,1,40,40,7,13,20,17.5,32.5,50,5.075,5,0.997111212067525,63.4375,62.5,12.463890150844062
17,2,38,38,10,9,19,26.31578947368421,23.684210526315788,50,5,5,0.9299811099505543,62.5,62.5,11.624763874381928
17,3,35,35,12,7,16,34.285714285714285,20,45.714285714285715,5.085714285714285,5,0.9813384788563184,63.57142857142857,62.5,12.26673098570398
17,4,29,29,13,5,11,44.827586206896555,17.24137931034483,37.93103448275862,5.310344827586207,5,0.9674505626299492,66.37931034482759,62.5,12.093132032874365
17,5,23,23,10,10,3,43.47826086956522,43.47826086956522,13.043478260869565,5.217391304347826,5,1.3127528930087211,65.21739130434783,62.5,16.409411162609015
17,6,16,16,8,3,5,50,18.75,31.25,5.125,5,1.2041594578792296,64.0625,62.5,15.05199322349037
17,7,13,13,9,0,4,69.23076923076923,0,30.76923076923077,5.615384615384615,6,1.192927878405448,70.1923076923077,75,14.9115984800681
17,8,6,6,6,0,0,100,0,0,6.5,6,0.8366600265340756,81.25,75,10.458250331675945
2,-8,2,0,0,0,0,NA,NA,NA,5,5,0,50,50,0
2,-7,4,2,0,0,2,0,0,100,5,5,0,50,50,0
2,-6,7,4,0,1,3,0,25,75,4.428571428571429,5,0.9759000729485332,44.285714285714285,50,9.759000729485333
2,-5,13,7,1,1,5,14.285714285714285,14.285714285714285,71.42857142857143,4.3076923076923075,5,1.1821319289469756,43.07692307692308,50,11.821319289469754
2,-4,19,13,3,3,7,23.076923076923077,23.076923076923077,53.84615384615385,4.421052631578948,5,1.0706067580626215,44.21052631578947,50,10.706067580626216
2,-3,26,19,6,2,11,31.57894736842105,10.526315789473683,57.89473684210527,4.6923076923076925,5,1.010711858809652,46.92307692307692,50,10.107118588096519
2,-2,29,26,4,3,19,15.384615384615385,11.538461538461538,73.07692307692307,4.620689655172414,5,1.2075297424153717,46.206896551724135,50,12.075297424153716
2,-1,36,29,8,5,16,27.586206896551722,17.24137931034483,55.172413793103445,4.75,5,1.1307393283031366,47.5,50,11.307393283031367
2,0,42,36,12,6,18,33.33333333333333,16.666666666666664,50,5.0476190476190474,5,1.6071847974912146,50.476190476190474,50,16.071847974912146
2,1,40,40,12,6,22,30,15,55.00000000000001,5.275,5,1.5188980486034216,52.75,50,15.188980486034215
2,2,38,38,10,8,20,26.31578947368421,21.052631578947366,52.63157894736842,5.2631578947368425,5,1.7349228587308425,52.63157894736842,50,17.349228587308428
2,3,35,35,14,11,10,40,31.428571428571427,28.57142857142857,5.485714285714286,5,2.30563795652193,54.85714285714286,50,23.056379565219306
2,4,29,29,17,4,8,58.620689655172406,13.793103448275861,27.586206896551722,6.103448275862069,6,2.2415687680443623,61.03448275862069,60,22.41568768044362
2,5,23,23,10,4,9,43.47826086956522,17.391304347826086,39.130434782608695,6.478260869565217,6,2.5914117812039916,64.78260869565217,60,25.914117812039922
2,6,16,16,4,6,6,25,37.5,37.5,5.6875,6,2.548692475237712,56.875,60,25.486924752377117
2,7,13,13,8,3,2,61.53846153846154,23.076923076923077,15.384615384615385,7.769230769230769,9,2.521700687824461,77.6923076923077,90,25.217006878244607
2,8,6,6,6,0,0,100,0,0,9.666666666666666,10,0.5163977794943222,96.66666666666667,100,5.1639777949432215
3,-8,2,0,0,0,0,NA,NA,NA,4.5,4.5,0.7071067811865476,26.47058823529412,26.47058823529412,4.159451654038518
3,-7,4,2,2,0,0,100,0,0,5.75,5.5,0.9574271077563381,33.82352941176471,32.35294117647059,5.631924163272576
3,-6,7,4,1,2,1,25,50,25,4.714285714285714,4,1.7043362064926932,27.73109243697479,23.52941176470588,10.025507097015845
3,-5,13,7,4,2,1,57.14285714285714,28.57142857142857,14.285714285714285,4.615384615384615,5,1.3867504905630728,27.14932126696833,29.411764705882355,8.157355826841606
3,-4,19,13,6,4,3,46.15384615384615,30.76923076923077,23.076923076923077,4.842105263157895,5,1.5370663939515443,28.482972136222912,29.411764705882355,9.041567023244381
3,-3,26,19,12,5,2,63.1578947368421,26.31578947368421,10.526315789473683,5.230769230769231,5,1.5048639090015365,30.76923076923077,29.411764705882355,8.852140641185509
3,-2,29,26,12,11,3,46.15384615384615,42.30769230769231,11.538461538461538,5.172413793103448,5,1.6490032815795421,30.425963488843816,29.411764705882355,9.700019303409068
3,-1,36,29,13,14,2,44.827586206896555,48.275862068965516,6.896551724137931,5.222222222222222,5,1.8533538882039322,30.71895424836601,29.411764705882355,10.90208169531725
3,0,42,36,22,12,2,61.111111111111114,33.33333333333333,5.555555555555555,5.761904761904762,6,1.7364039629117973,33.89355742296919,35.294117647058826,10.214140958304693
3,1,40,40,15,18,7,37.5,45,17.5,5.7,5,2.0779674487221205,33.52941176470588,29.411764705882355,12.223337933659534
3,2,38,38,20,13,5,52.63157894736842,34.21052631578947,13.157894736842104,6.447368421052632,7,1.8113362011427954,37.925696594427244,41.17647058823529,10.654918830251736
3,3,35,35,17,15,3,48.57142857142857,42.857142857142854,8.571428571428571,6.485714285714286,6,2.3310112495177173,38.15126050420168,35.294117647058826,13.711830879515984
3,4,29,29,17,9,3,58.620689655172406,31.03448275862069,10.344827586206897,7.137931034482759,7,2.3102896839239278,41.98782961460446,41.17647058823529,13.589939317199573
3,5,23,23,11,7,5,47.82608695652174,30.434782608695656,21.73913043478261,7.217391304347826,8,1.832944023822442,42.45524296675192,47.05882352941176,10.782023669543774
3,6,16,16,8,6,2,50,37.5,12.5,7.3125,8,1.8154430129677255,43.014705882352935,47.05882352941176,10.679076546868975
3,7,13,13,10,2,1,76.92307692307693,15.384615384615385,7.6923076923076925,8.846153846153847,9,0.6887372317211946,52.03619909502263,52.94117647058824,4.0513954807129124
3,8,6,6,2,1,3,33.33333333333333,16.666666666666664,50,9.166666666666666,9,0.408248290463863,53.92156862745098,52.94117647058824,2.401460532140371
4,-8,2,0,0,0,0,NA,NA,NA,3.5,3.5,2.1213203435596424,43.75,43.75,26.51650429449553
4,-7,4,2,1,0,1,50,0,50,5.75,5,1.5,71.875,62.5,18.75
4,-6,7,4,1,1,2,25,25,50,5.142857142857143,5,2.4784787961282104,64.28571428571429,62.5,30.98098495160263
4,-5,13,7,3,2,2,42.857142857142854,28.57142857142857,28.57142857142857,4.769230769230769,5,2.087815690853567,59.61538461538461,62.5,26.09769613566959
4,-4,19,13,4,5,4,30.76923076923077,38.46153846153847,30.76923076923077,5.2105263157894735,5,1.7505220608093224,65.13157894736842,62.5,21.88152576011653
4,-3,26,19,4,3,12,21.052631578947366,15.789473684210526,63.1578947368421,5.384615384615385,5,1.6511068548564163,67.3076923076923,62.5,20.638835685705203
4,-2,29,26,8,8,10,30.76923076923077,30.76923076923077,38.46153846153847,5.137931034482759,5,1.7055400889670962,64.22413793103449,62.5,21.319251112088704
4,-1,36,29,9,6,14,31.03448275862069,20.689655172413794,48.275862068965516,5.138888888888889,5,1.6239770895248453,64.23611111111111,62.5,20.299713619060565
4,0,42,36,13,11,12,36.11111111111111,30.555555555555557,33.33333333333333,5.476190476190476,5,1.6709584694828157,68.45238095238095,62.5,20.886980868535197
4,1,40,40,12,12,16,30,30,40,5.425,5,1.5506408931429545,67.8125,62.5,19.38301116428693
4,2,38,38,13,12,13,34.21052631578947,31.57894736842105,34.21052631578947,5.2631578947368425,5,2.0092248138956044,65.78947368421053,62.5,25.115310173695054
4,3,35,35,10,10,15,28.57142857142857,28.57142857142857,42.857142857142854,5.685714285714286,6,1.5675276256394521,71.07142857142857,75,19.594095320493153
4,4,29,29,11,8,10,37.93103448275862,27.586206896551722,34.48275862068966,5.620689655172414,5,2.0426487199475707,70.25862068965517,62.5,25.533108999344634
4,5,23,23,9,7,7,39.130434782608695,30.434782608695656,30.434782608695656,5.739130434782608,5,1.7892962380969744,71.73913043478261,62.5,22.36620297621218
4,6,16,16,3,9,4,18.75,56.25,25,4.5625,5,2.220172665957913,57.03125,62.5,27.752158324473914
4,7,13,13,8,3,2,61.53846153846154,23.076923076923077,15.384615384615385,5.384615384615385,5,1.5021352323976211,67.3076923076923,62.5,18.776690404970264
4,8,6,6,4,0,2,66.66666666666666,0,33.33333333333333,7,7.5,1.2649110640673518,87.5,93.75,15.811388300841896
5,-8,2,0,0,0,0,NA,NA,NA,1,1,0,20,20,0
5,-7,4,2,0,0,2,0,0,100,1,1,0,20,20,0
5,-6,7,4,0,0,4,0,0,100,1,1,0,20,20,0
5,-5,13,7,0,0,7,0,0,100,0.9230769230769231,1,0.2773500981126146,18.461538461538463,20,5.547001962252292
5,-4,19,13,0,0,13,0,0,100,0.9473684210526316,1,0.4046513191112561,18.947368421052634,20,8.093026382225121
5,-3,26,19,0,1,18,0,5.263157894736842,94.73684210526315,0.9230769230769231,1,0.392232270276368,18.461538461538463,20,7.84464540552736
5,-2,29,26,1,2,23,3.8461538461538463,7.6923076923076925,88.46153846153845,0.896551724137931,1,0.30993404669460334,17.93103448275862,20,6.198680933892069
5,-1,36,29,2,0,27,6.896551724137931,0,93.10344827586206,0.9444444444444444,1,0.2323106841457232,18.888888888888893,20,4.646213682914464
5,0,42,36,3,1,32,8.333333333333332,2.7777777777777777,88.88888888888889,0.9761904761904762,1,0.41249362082844127,19.523809523809526,20,8.249872416568827
5,1,40,40,4,1,35,10,2.5,87.5,1,1,0.5063696835418333,20,20,10.127393670836666
5,2,38,38,4,2,32,10.526315789473683,5.263157894736842,84.21052631578947,1,1,0.6151246852292456,20,20,12.30249370458491
5,3,35,35,7,0,28,20,0,80,1.0857142857142856,1,0.44533058252391816,21.714285714285715,20,8.906611650478371
5,4,29,29,6,2,21,20.689655172413794,6.896551724137931,72.41379310344827,1.1379310344827587,1,0.7427813527082076,22.758620689655174,20,14.85562705416415
5,5,23,23,8,0,15,34.78260869565217,0,65.21739130434783,1.2173913043478262,1,0.5997364375010101,24.347826086956523,20,11.994728750020206
5,6,16,16,3,1,12,18.75,6.25,75,1,1,0.6324555320336759,20,20,12.64911064067352
5,7,13,13,7,0,6,53.84615384615385,0,46.15384615384615,1.4615384615384615,1,0.7762500258061849,29.230769230769234,20,15.525000516123697
5,8,6,6,6,0,0,100,0,0,1.8333333333333333,2,0.408248290463863,36.66666666666667,40,8.16496580927726
6,-8,2,0,0,0,0,NA,NA,NA,0.5,0.5,0.7071067811865476,7.142857142857142,7.142857142857142,10.101525445522107
6,-7,4,2,1,0,1,50,0,50,0.75,1,0.5,10.714285714285714,14.285714285714285,7.142857142857142
6,-6,7,4,2,0,2,50,0,50,0.7142857142857143,1,0.7559289460184544,10.20408163265306,14.285714285714285,10.798984943120777
6,-5,13,7,2,0,5,28.57142857142857,0,71.42857142857143,0.6923076923076923,1,0.7510676161988106,9.89010989010989,14.285714285714285,10.729537374268723
6,-4,19,13,2,0,11,15.384615384615385,0,84.61538461538461,0.9473684210526316,1,1.025978352085154,13.533834586466165,14.285714285714285,14.656833601216487
6,-3,26,19,5,0,14,26.31578947368421,0,73.68421052631578,1.1538461538461537,1,1.120439474217423,16.483516483516482,14.285714285714285,16.00627820310604
6,-2,29,26,6,0,20,23.076923076923077,0,76.92307692307693,1.2758620689655173,1,1.1921334933680257,18.226600985221676,14.285714285714285,17.030478476686074
6,-1,36,29,5,0,24,17.24137931034483,0,82.75862068965517,1.2777777777777777,1,1.2097487604837887,18.253968253968253,14.285714285714285,17.28212514976841
6,0,42,36,7,0,29,19.444444444444446,0,80.55555555555556,1.5952380952380953,1,1.546980123629131,22.789115646258505,14.285714285714285,22.099716051844727
6,1,40,40,8,0,32,20,0,80,1.775,1,1.6561849890482394,25.357142857142854,14.285714285714285,23.65978555783199
6,2,38,38,8,0,30,21.052631578947366,0,78.94736842105263,2.0526315789473686,2,1.6756986186654925,29.32330827067669,28.57142857142857,23.93855169522132
6,3,35,35,7,0,28,20,0,80,2.5428571428571427,2,1.9754799438119743,36.326530612244895,28.57142857142857,28.22114205445677
6,4,29,29,8,1,20,27.586206896551722,3.4482758620689653,68.96551724137932,2.6551724137931036,2,2.142692932952855,37.93103448275862,28.57142857142857,30.609899042183645
6,5,23,23,9,0,14,39.130434782608695,0,60.86956521739131,3.043478260869565,2,2.325320327289539,43.47826086956522,28.57142857142857,33.21886181842199
6,6,16,16,5,0,11,31.25,0,68.75,2.75,2,2.04939015319192,39.285714285714285,28.57142857142857,29.277002188456
6,7,13,13,7,0,6,53.84615384615385,0,46.15384615384615,4.384615384615385,6,2.1809195896250406,62.637362637362635,85.71428571428571,31.15599413750058
6,8,6,6,6,0,0,100,0,0,6.333333333333333,6,0.5163977794943222,90.47619047619048,85.71428571428571,7.377111135633177
7,-8,2,0,0,0,0,NA,NA,NA,0,0,0,0,0,0
7,-7,4,2,0,0,2,0,0,100,0,0,0,0,0,0
7,-6,7,4,0,0,4,0,0,100,0,0,0,0,0,0
7,-5,13,7,0,0,7,0,0,100,0,0,0,0,0,0
7,-4,19,13,0,0,13,0,0,100,0,0,0,0,0,0
7,-3,26,19,0,0,19,0,0,100,0.03846153846153847,0,0.196116135138184,0.9615384615384618,0,4.9029033784545994
7,-2,29,26,0,0,26,0,0,100,0.03448275862068965,0,0.18569533817705192,0.8620689655172412,0,4.642383454426298
7,-1,36,29,2,0,27,6.896551724137931,0,93.10344827586206,0.08333333333333334,0,0.280305955290694,2.0833333333333335,0,7.00764888226735
7,0,42,36,4,0,32,11.11111111111111,0,88.88888888888889,0.21428571428571425,0,0.6820240424098605,5.357142857142856,0,17.05060106024651
7,1,40,40,5,0,35,12.5,0,87.5,0.25,0,0.7071067811865476,6.25,0,17.67766952966369
7,2,38,38,9,0,29,23.684210526315788,0,76.31578947368422,0.42105263157894735,0,0.8583950752789521,10.526315789473683,0,21.459876881973802
7,3,35,35,12,0,23,34.285714285714285,0,65.71428571428571,0.7142857142857142,0,1.1264579721521835,17.857142857142854,0,28.161449303804588
7,4,29,29,13,0,16,44.827586206896555,0,55.172413793103445,0.896551724137931,0,1.2054882705540313,22.413793103448278,0,30.13720676385078
7,5,23,23,10,0,13,43.47826086956522,0,56.52173913043478,1.0434782608695652,0,1.3644266484686467,26.08695652173913,0,34.110666211716165
7,6,16,16,10,0,6,62.5,0,37.5,1,1,1.0954451150103321,25,25,27.386127875258303
7,7,13,13,13,0,0,100,0,0,2.076923076923077,3,1.0377490433255414,51.92307692307693,75,25.943726083138536
7,8,6,6,6,0,0,100,0,0,3,3,0,75,75,0
8,-8,2,0,0,0,0,NA,NA,NA,6,6,0,66.66666666666666,66.66666666666666,0
8,-7,4,2,2,0,0,100,0,0,7,7,0.816496580927726,77.77777777777779,77.77777777777779,9.07218423253029
8,-6,7,4,1,2,1,25,50,25,6.142857142857143,6,1.0690449676496974,68.25396825396825,66.66666666666666,11.878277418329972
8,-5,13,7,3,1,3,42.857142857142854,14.285714285714285,42.857142857142854,6,6,1.2909944487358056,66.66666666666666,66.66666666666666,14.344382763731172
8,-4,19,13,6,3,4,46.15384615384615,23.076923076923077,30.76923076923077,6.315789473684211,7,1.1081832770072813,70.17543859649122,77.77777777777779,12.313147522303122
8,-3,26,19,4,6,9,21.052631578947366,31.57894736842105,47.368421052631575,6.115384615384615,6,1.3061982415214952,67.94871794871796,66.66666666666666,14.513313794683278
8,-2,29,26,8,8,10,30.76923076923077,30.76923076923077,38.46153846153847,6.206896551724138,7,1.2643267645224017,68.96551724137932,77.77777777777779,14.048075161360025
8,-1,36,29,7,9,13,24.137931034482758,31.03448275862069,44.827586206896555,6.138888888888889,6,1.0184800377531156,68.20987654320987,66.66666666666666,11.316444863923508
8,0,42,36,11,8,17,30.555555555555557,22.22222222222222,47.22222222222222,6.333333333333333,6,0.9794639316973014,70.37037037037037,66.66666666666666,10.882932574414452
8,1,40,40,11,14,15,27.500000000000004,35,37.5,6.325,7,1.1183206273877926,70.27777777777777,77.77777777777779,12.425784748753248
8,2,38,38,3,12,23,7.894736842105263,31.57894736842105,60.526315789473685,6,6,1.3151918984428583,66.66666666666666,66.66666666666666,14.613243316031758
8,3,35,35,10,9,16,28.57142857142857,25.71428571428571,45.714285714285715,6.228571428571429,6,0.9727376251564231,69.2063492063492,66.66666666666666,10.808195835071368
8,4,29,29,5,4,20,17.24137931034483,13.793103448275861,68.96551724137932,6.448275862068965,6,0.869573249052649,71.64750957854406,66.66666666666666,9.661924989473878
8,5,23,23,2,7,14,8.695652173913043,30.434782608695656,60.86956521739131,6.304347826086956,6,0.8221248859286776,70.04830917874396,66.66666666666666,9.134720954763086
8,6,16,16,1,3,12,6.25,18.75,75,6.1875,6,0.9810708435174292,68.75,66.66666666666666,10.900787150193656
8,7,13,13,2,3,8,15.384615384615385,23.076923076923077,61.53846153846154,5.923076923076923,6,0.49354811679282445,65.8119658119658,66.66666666666666,5.483867964364716
8,8,6,6,2,0,4,33.33333333333333,0,66.66666666666666,6.333333333333333,6,0.5163977794943222,70.37037037037037,66.66666666666666,5.737753105492472
9,-8,2,0,0,0,0,NA,NA,NA,7,7,1.4142135623730951,63.63636363636363,63.63636363636363,12.856486930664504
9,-7,4,2,0,2,0,0,100,0,6.5,6.5,1.2909944487358056,59.09090909090909,59.09090909090908,11.736313170325504
9,-6,7,4,2,2,0,50,50,0,6.142857142857143,6,1.6761634196950517,55.84415584415584,54.54545454545454,15.237849269955012
9,-5,13,7,2,4,1,28.57142857142857,57.14285714285714,14.285714285714285,5.6923076923076925,6,1.6012815380508711,51.74825174825175,54.54545454545454,14.557104891371555
9,-4,19,13,2,8,3,15.384615384615385,61.53846153846154,23.076923076923077,5.315789473684211,6,2.18715013910663,48.32535885167464,54.54545454545454,19.883183082787546
9,-3,26,19,8,6,5,42.10526315789473,31.57894736842105,26.31578947368421,5.730769230769231,6,1.8233527866585189,52.09790209790209,54.54545454545454,16.57593442416835
9,-2,29,26,7,13,6,26.923076923076923,50,23.076923076923077,5.551724137931035,6,1.7234974179712874,50.470219435736674,54.54545454545454,15.668158345193516
9,-1,36,29,11,7,11,37.93103448275862,24.137931034482758,37.93103448275862,5.777777777777778,6,1.6407508927510877,52.52525252525252,54.54545454545454,14.915917206828075
9,0,42,36,8,11,17,22.22222222222222,30.555555555555557,47.22222222222222,5.738095238095238,6,1.6388503378078387,52.16450216450217,54.54545454545454,14.898639434616717
9,1,40,40,13,8,19,32.5,20,47.5,5.825,6,1.6777197590013622,52.95454545454545,54.54545454545454,15.2519978091033
9,2,38,38,11,9,18,28.947368421052634,23.684210526315788,47.368421052631575,5.947368421052632,6,1.7390175608123268,54.066985645933016,54.54545454545454,15.809250552839336
9,3,35,35,8,8,19,22.857142857142858,22.857142857142858,54.285714285714285,5.914285714285715,6,1.8688062967546732,53.76623376623376,54.54545454545454,16.989148152315213
9,4,29,29,5,9,15,17.24137931034483,31.03448275862069,51.724137931034484,5.931034482758621,6,1.4863914712858552,53.91849529780565,54.54545454545454,13.512649738962324
9,5,23,23,8,7,8,34.78260869565217,30.434782608695656,34.78260869565217,6,6,1.5075567228888183,54.54545454545454,54.54545454545454,13.705061117171075
9,6,16,16,2,6,8,12.5,37.5,50,6.1875,6,1.4705441169852742,56.25,54.54545454545454,13.368582881684313
9,7,13,13,2,7,4,15.384615384615385,53.84615384615385,30.76923076923077,5.615384615384615,5,1.3867504905630728,51.048951048951054,45.45454545454546,12.606822641482479
9,8,6,6,0,6,0,0,100,0,5.166666666666667,5,1.3291601358251257,46.96969696969697,45.45454545454546,12.083273962046592
