series_code,first_year,last_year,n_years_live,total_obs,max_countries,is_stable_core,starts_late,ends_early,status,log_first_seen,log_added_date,log_removed_date,n_log_events
AG_FOOD_WST,2015,2022,8,1827,196,FALSE,FALSE,TRUE,exited_early,2021-03-31,2021-03-31,NA,7
AG_FOOD_WST_PC,2015,2022,8,1812,196,FALSE,FALSE,TRUE,exited_early,2021-03-31,2021-03-31,NA,8
AG_FPA_CFPI,2015,2023,9,1644,183,TRUE,FALSE,FALSE,stable,2019-03-29,2019-03-29,NA,11
AG_FPA_COMM,2015,2023,9,1798,104,TRUE,FALSE,FALSE,stable,2018-06-20,NA,NA,11
AG_LND_AGRBIO,2016,2023,8,64,14,FALSE,TRUE,FALSE,entered_late,2023-03-31,2023-03-31,NA,6
AG_LND_AGRWAG,2015,2023,8,80,19,FALSE,FALSE,FALSE,intermittent,2023-03-31,2023-03-31,NA,6
AG_LND_DGRD,2015,2019,2,240,121,FALSE,FALSE,TRUE,exited_early,2019-07-08,2019-07-08,NA,8
AG_LND_FERTMG,2017,2023,7,75,17,FALSE,TRUE,FALSE,entered_late,2023-03-31,2023-03-31,NA,6
AG_LND_FIES,2018,2023,6,64,16,FALSE,TRUE,FALSE,entered_late,2023-03-31,2023-03-31,NA,6
AG_LND_FOVH,2015,2023,8,97,21,FALSE,FALSE,FALSE,intermittent,2023-03-31,2023-03-31,NA,6
AG_LND_FRST,2015,2020,2,388,194,FALSE,FALSE,TRUE,exited_early,2018-06-20,NA,NA,10
AG_LND_FRSTBIOPHA,2015,2020,2,371,186,FALSE,FALSE,TRUE,exited_early,2018-06-20,NA,NA,14
AG_LND_FRSTCERT,2015,2023,9,1764,196,TRUE,FALSE,FALSE,stable,2018-06-20,NA,NA,16
AG_LND_FRSTCHG,2015,2015,1,192,192,FALSE,FALSE,TRUE,exited_early,2018-06-20,NA,NA,14
AG_LND_FRSTMGT,2015,2020,2,249,127,FALSE,FALSE,TRUE,exited_early,2018-06-20,NA,NA,16
AG_LND_FRSTN,2015,2020,2,388,194,FALSE,FALSE,TRUE,exited_early,2018-06-20,NA,NA,11
AG_LND_FRSTPRCT,2015,2020,2,347,178,FALSE,FALSE,TRUE,exited_early,2018-06-20,NA,NA,14
AG_LND_H2OAVAIL,2016,2023,7,58,14,FALSE,TRUE,FALSE,entered_late,2023-03-31,2023-03-31,NA,6
AG_LND_LNDSTR,2016,2023,8,106,23,FALSE,TRUE,FALSE,entered_late,2023-03-31,2023-03-31,NA,6
AG_LND_NFI,2017,2023,7,82,18,FALSE,TRUE,FALSE,entered_late,2023-03-31,2023-03-31,NA,6
AG_LND_PSTCDSMG,2017,2023,7,66,15,FALSE,TRUE,FALSE,entered_late,2023-03-31,2023-03-31,NA,6
AG_LND_RMM,2016,2023,8,93,22,FALSE,TRUE,FALSE,entered_late,2023-03-31,2023-03-31,NA,6
AG_LND_SDGRD,2018,2023,6,36,9,FALSE,TRUE,FALSE,entered_late,2023-03-31,2023-03-31,NA,6
AG_LND_SUST,2020,2023,4,14,5,FALSE,TRUE,FALSE,entered_late,2023-03-31,2023-03-31,NA,6
AG_LND_SUST_PRXCSS,2015,2023,9,1692,188,TRUE,FALSE,FALSE,stable,2024-06-28,2024-06-28,NA,4
AG_LND_SUST_PRXTS,2015,2023,9,1692,188,TRUE,FALSE,FALSE,stable,2024-06-28,2024-06-28,NA,4
AG_LND_TOTL,2015,2020,2,388,194,FALSE,FALSE,TRUE,exited_early,2018-06-20,NA,NA,11
AG_PRD_AGVAS,2015,2023,9,1601,184,TRUE,FALSE,FALSE,stable,2019-03-29,2019-03-29,NA,11
AG_PRD_FIESMS,2015,2023,9,3417,146,TRUE,FALSE,FALSE,stable,2018-06-20,2020-03-31,2019-03-29,20
AG_PRD_FIESMSN,2015,2023,9,3417,146,TRUE,FALSE,FALSE,stable,2018-06-20,2020-03-31,2019-03-29,22
AG_PRD_FIESS,2015,2023,9,3390,145,TRUE,FALSE,FALSE,stable,2018-06-20,NA,NA,23
AG_PRD_FIESSN,2015,2023,9,3218,140,TRUE,FALSE,FALSE,stable,2018-06-20,NA,NA,23
AG_PRD_ORTIND,2015,2023,9,1601,184,TRUE,FALSE,FALSE,stable,2018-06-20,NA,NA,12
AG_PRD_XSUBDY,2015,2023,9,108,22,TRUE,FALSE,FALSE,stable,2018-06-20,NA,NA,10
AG_XPD_AGSGB,2015,2023,9,1601,184,TRUE,FALSE,FALSE,stable,2019-03-29,2019-03-29,NA,11
BN_CAB_XOKA_GD_ZS,2015,2023,9,1591,181,TRUE,FALSE,FALSE,stable,2021-09-30,2021-09-30,NA,6
BN_KLT_PTXL_CD,2015,2023,9,1495,170,TRUE,FALSE,FALSE,stable,2021-09-30,2021-09-30,NA,6
BX_KLT_DINV_WD_GD_ZS,2015,2023,9,1680,188,TRUE,FALSE,FALSE,stable,2021-09-30,2021-09-30,NA,6
BX_TRF_PWKR,2015,2023,9,1534,173,TRUE,FALSE,FALSE,stable,2018-06-20,NA,NA,9
DC_ENVTECH_EXP,2015,2023,9,1452,168,TRUE,FALSE,FALSE,stable,2022-03-31,2022-03-31,NA,3
DC_ENVTECH_IMP,2015,2023,9,1459,170,TRUE,FALSE,FALSE,stable,2022-03-31,2022-03-31,NA,3
DC_ENVTECH_INV,2015,2021,7,73,5,FALSE,FALSE,TRUE,exited_early,2022-09-30,2022-09-30,NA,2
DC_ENVTECH_REXP,2015,2023,9,490,58,TRUE,FALSE,FALSE,stable,2022-03-31,2022-03-31,NA,2
DC_ENVTECH_RIMP,2015,2023,9,375,45,TRUE,FALSE,FALSE,stable,2022-03-31,2022-03-31,NA,2
DC_ENVTECH_TT,2015,2023,9,1459,170,TRUE,FALSE,FALSE,stable,2023-03-31,2023-03-31,NA,3
DC_FTA_TOTAL,2015,2023,9,1240,140,TRUE,FALSE,FALSE,stable,2018-06-20,NA,NA,15
DC_ODA_BDVDL,2015,2023,9,558,33,TRUE,FALSE,FALSE,stable,2018-06-20,NA,NA,15
DC_ODA_BDVL,2015,2023,9,2450,138,TRUE,FALSE,FALSE,stable,2018-06-20,NA,NA,15
DC_ODA_LDCG,2015,2023,9,407,46,TRUE,FALSE,FALSE,stable,2018-06-20,NA,NA,9
DC_ODA_LDCS,2015,2023,9,412,47,TRUE,FALSE,FALSE,stable,2018-06-20,NA,NA,16
DC_ODA_LLDC,2015,2023,9,412,47,TRUE,FALSE,FALSE,stable,2018-06-20,NA,NA,16
DC_ODA_LLDCG,2015,2023,9,407,46,TRUE,FALSE,FALSE,stable,2018-06-20,NA,NA,9
DC_ODA_POVDLG,2015,2023,9,368,46,TRUE,FALSE,FALSE,stable,2020-09-30,2020-09-30,NA,7
DC_ODA_POVLG,2015,2023,9,1240,140,TRUE,FALSE,FALSE,stable,2020-09-30,2020-09-30,NA,7
DC_ODA_SIDS,2015,2023,9,418,48,TRUE,FALSE,FALSE,stable,2018-06-20,NA,NA,16
DC_ODA_SIDSG,2015,2023,9,412,47,TRUE,FALSE,FALSE,stable,2018-06-20,NA,NA,9
DC_ODA_TOTG,2015,2017,3,135,45,FALSE,FALSE,TRUE,exited_early,2018-06-20,NA,NA,8
DC_ODA_TOTGGE,2018,2023,6,280,47,FALSE,TRUE,FALSE,entered_late,2019-07-08,2019-07-08,NA,8
DC_ODA_TOTL,2015,2023,9,426,48,TRUE,FALSE,FALSE,stable,2018-06-20,NA,NA,16
DC_ODA_TOTLGE,2018,2023,6,286,48,FALSE,TRUE,FALSE,entered_late,2019-07-08,2019-07-08,NA,15
DC_OSSD_GRT,2019,2023,5,698,143,FALSE,TRUE,FALSE,entered_late,2023-05-15,2023-05-15,NA,5
DC_OSSD_GRT_SSC,2020,2023,3,277,119,FALSE,TRUE,FALSE,entered_late,2026-03-27,2026-03-27,NA,2
DC_OSSD_MPF,2016,2023,8,934,129,FALSE,TRUE,FALSE,entered_late,2023-05-15,2023-05-15,NA,4
DC_OSSD_OFFCL,2019,2023,5,663,134,FALSE,TRUE,FALSE,entered_late,2023-05-15,2023-05-15,NA,4
DC_OSSD_OFFNL,2019,2023,5,654,132,FALSE,TRUE,FALSE,entered_late,2023-05-15,2023-05-15,NA,4
DC_OSSD_PRVGRT,2016,2023,8,956,130,FALSE,TRUE,FALSE,entered_late,2023-05-15,2023-05-15,NA,4
DC_TOF_AGRL,2015,2023,9,1237,140,TRUE,FALSE,FALSE,stable,2018-06-20,NA,NA,16
DC_TOF_HLTHL,2015,2023,9,1236,140,TRUE,FALSE,FALSE,stable,2018-06-20,NA,NA,16
DC_TOF_HLTHNT,2015,2023,9,1238,140,TRUE,FALSE,FALSE,stable,2018-06-20,NA,NA,16
DC_TOF_INFRAL,2015,2023,9,1237,140,TRUE,FALSE,FALSE,stable,2018-06-20,NA,NA,16
DC_TOF_SCHIPSL,2015,2023,9,1240,140,TRUE,FALSE,FALSE,stable,2018-06-20,NA,NA,16
DC_TOF_TRDCMDL,2015,2023,9,383,47,TRUE,FALSE,FALSE,stable,2018-06-20,NA,NA,16
DC_TOF_TRDCML,2015,2023,9,1240,140,TRUE,FALSE,FALSE,stable,2018-06-20,NA,NA,17
DC_TOF_TRDDBMDL,2015,2023,9,383,47,TRUE,FALSE,FALSE,stable,2018-06-20,NA,NA,16
DC_TOF_TRDDBML,2015,2023,9,1240,140,TRUE,FALSE,FALSE,stable,2018-06-20,NA,NA,17
DC_TOF_URBINFRA,2022,2022,1,36,36,FALSE,TRUE,TRUE,entered_late,2026-07-07,2026-07-07,NA,1
DC_TOF_WASHL,2015,2023,9,1224,138,TRUE,FALSE,FALSE,stable,2018-06-20,NA,NA,17
DC_TRF_TOTDL,2015,2023,9,426,48,TRUE,FALSE,FALSE,stable,2018-06-20,NA,NA,10
DC_TRF_TOTL,2015,2023,9,1240,140,TRUE,FALSE,FALSE,stable,2018-06-20,NA,NA,10
DI_ILL_IN,2015,2023,9,20,3,TRUE,FALSE,FALSE,stable,2023-03-31,2023-03-31,NA,5
DI_ILL_OUT,2015,2023,9,30,5,TRUE,FALSE,FALSE,stable,2023-03-31,2023-03-31,NA,4
DP_DOD_DLD2_CR_CG_Z1,2015,2023,9,432,49,TRUE,FALSE,FALSE,stable,2021-09-30,2021-09-30,NA,6
DT_DOD_DECT_GN_ZS,2015,2023,9,1072,120,TRUE,FALSE,FALSE,stable,2021-09-30,2021-09-30,NA,6
DT_TDS_DECT,2015,2023,9,1034,116,TRUE,FALSE,FALSE,stable,2018-06-20,NA,NA,12
EG_ACS_ELEC,2015,2023,9,5183,196,TRUE,FALSE,FALSE,stable,2018-06-20,NA,NA,12
EG_EGY_CLEAN,2015,2023,9,5184,192,TRUE,FALSE,FALSE,stable,2018-06-20,NA,NA,13
EG_EGY_PRIM,2015,2023,9,1755,195,TRUE,FALSE,FALSE,stable,2018-06-20,NA,NA,13
EG_EGY_RNEW,2015,2023,9,24318,193,TRUE,FALSE,FALSE,stable,2020-09-30,2020-09-30,NA,7
EG_FEC_RNEW,2015,2023,9,1755,195,TRUE,FALSE,FALSE,stable,2018-06-20,NA,NA,10
EG_IFF_RANDN,2015,2023,9,10440,145,TRUE,FALSE,FALSE,stable,2019-07-08,2019-07-08,NA,15
EG_TBA_H2CO,2017,2023,5,286,117,FALSE,TRUE,FALSE,entered_late,2018-06-20,NA,NA,8
EG_TBA_H2COAQ,2017,2023,5,271,111,FALSE,TRUE,FALSE,entered_late,2018-06-20,NA,NA,8
EG_TBA_H2CORL,2017,2023,5,323,120,FALSE,TRUE,FALSE,entered_late,2018-06-20,NA,NA,8
EN_ACS_URB_OPENSP,2017,2023,7,1666,173,FALSE,TRUE,FALSE,entered_late,2024-06-28,2024-06-28,NA,5
EN_ATM_CO2,2015,2023,9,2646,147,TRUE,FALSE,FALSE,stable,2018-06-20,NA,NA,9
EN_ATM_CO2GDP,2015,2023,9,1323,147,TRUE,FALSE,FALSE,stable,2018-06-20,NA,NA,12
EN_ATM_CO2MVA,2015,2023,9,1323,147,TRUE,FALSE,FALSE,stable,2018-06-20,NA,NA,13
EN_ATM_GHGT_WLU,2020,2022,3,280,96,FALSE,TRUE,TRUE,entered_late,2025-12-12,2025-12-12,NA,1
EN_ATM_GHGT_WOLU,2020,2022,3,280,96,FALSE,TRUE,TRUE,entered_late,2025-12-12,2025-12-12,NA,1
EN_ATM_PM25,2015,2023,9,8496,194,TRUE,FALSE,FALSE,stable,2018-06-20,NA,NA,7
EN_EWT_COLLPCAP,2015,2023,9,403,51,TRUE,FALSE,FALSE,stable,2021-03-31,2021-03-31,NA,8
EN_EWT_COLLR,2015,2023,9,96,17,TRUE,FALSE,FALSE,stable,2021-03-31,2021-03-31,NA,7
EN_EWT_COLLV,2015,2023,9,403,51,TRUE,FALSE,FALSE,stable,2021-03-31,2021-03-31,NA,9
EN_EWT_GENPCAP,2015,2023,9,195,27,TRUE,FALSE,FALSE,stable,2020-03-31,2020-03-31,NA,11
EN_EWT_GENV,2015,2023,9,195,27,TRUE,FALSE,FALSE,stable,2020-03-31,2020-03-31,NA,12
EN_EWT_RCYPCAP,2015,2023,9,395,51,TRUE,FALSE,FALSE,stable,2020-03-31,2020-03-31,NA,10
EN_EWT_RCYR,2015,2023,9,179,36,TRUE,FALSE,FALSE,stable,2020-03-31,2020-03-31,NA,10
EN_EWT_RCYV,2015,2023,9,377,47,TRUE,FALSE,FALSE,stable,2020-03-31,2020-03-31,NA,11
EN_H2O_GRAMBQ,2017,2023,3,183,72,FALSE,TRUE,FALSE,entered_late,2018-06-20,NA,NA,9
EN_H2O_OPAMBQ,2017,2023,3,191,74,FALSE,TRUE,FALSE,entered_late,2018-06-20,NA,NA,9
EN_H2O_RVAMBQ,2017,2023,3,255,105,FALSE,TRUE,FALSE,entered_late,2018-06-20,NA,NA,9
EN_H2O_WBAMBQ,2017,2023,3,294,124,FALSE,TRUE,FALSE,entered_late,2018-06-20,NA,NA,9
EN_HAZ_EXP,2015,2023,9,585,75,TRUE,FALSE,FALSE,stable,2021-07-06,2021-07-06,NA,6
EN_HAZ_GENGDP,2015,2023,9,493,78,TRUE,FALSE,FALSE,stable,2020-03-31,2020-03-31,NA,8
EN_HAZ_GENV,2015,2023,9,523,82,TRUE,FALSE,FALSE,stable,2020-03-31,2020-03-31,NA,8
EN_HAZ_IMP,2015,2023,9,503,61,TRUE,FALSE,FALSE,stable,2021-07-06,2021-07-06,NA,6
EN_HAZ_PCAP,2015,2023,9,523,82,TRUE,FALSE,FALSE,stable,2020-03-31,2020-03-31,NA,8
EN_HAZ_TREATV,2015,2023,9,1617,70,TRUE,FALSE,FALSE,stable,2020-03-31,2020-03-31,NA,9
EN_HAZ_TRTDISR,2015,2023,9,349,58,TRUE,FALSE,FALSE,stable,2020-03-31,2020-03-31,NA,10
EN_HAZ_TRTDISV,2015,2023,9,376,62,TRUE,FALSE,FALSE,stable,2020-03-31,2020-03-31,NA,8
EN_LKRV_PWAC,2015,2022,8,1520,190,FALSE,FALSE,TRUE,exited_early,2021-07-06,2021-07-06,NA,5
EN_LKRV_PWAN,2015,2022,8,1512,189,FALSE,FALSE,TRUE,exited_early,2021-07-06,2021-07-06,NA,3
EN_LKRV_PWAP,2015,2022,8,1512,189,FALSE,FALSE,TRUE,exited_early,2021-07-06,2021-07-06,NA,4
EN_LKRV_SWAC,2015,2022,8,1512,189,FALSE,FALSE,TRUE,exited_early,2021-07-06,2021-07-06,NA,5
EN_LKRV_SWAN,2015,2022,8,1512,189,FALSE,FALSE,TRUE,exited_early,2021-07-06,2021-07-06,NA,3
EN_LKRV_SWAP,2015,2022,8,1512,189,FALSE,FALSE,TRUE,exited_early,2021-07-06,2021-07-06,NA,4
EN_LKW_QLTRB,2017,2021,5,2660,133,FALSE,TRUE,TRUE,entered_late,2021-07-06,2021-07-06,NA,3
EN_LKW_QLTRST,2017,2021,5,2660,133,FALSE,TRUE,TRUE,entered_late,2021-07-06,2021-07-06,NA,3
EN_LND_CNSPOP,2015,2023,9,2692,157,TRUE,FALSE,FALSE,stable,2023-07-10,2023-07-10,NA,5
EN_LND_INDQTHSNG,2015,2023,9,1071,40,TRUE,FALSE,FALSE,stable,2024-06-28,2024-06-28,NA,3
EN_LND_SLUM,2015,2023,9,707,172,TRUE,FALSE,FALSE,stable,2018-06-20,NA,NA,9
EN_MAR_BEALIT_BP,2017,2021,5,705,141,FALSE,TRUE,TRUE,entered_late,2022-03-31,2022-03-31,NA,3
EN_MAR_BEALIT_BV,2017,2022,6,20046,141,FALSE,TRUE,TRUE,entered_late,2022-03-31,2022-03-31,NA,3
EN_MAR_BEALIT_EXP,2017,2022,6,846,141,FALSE,TRUE,TRUE,entered_late,2022-03-31,2022-03-31,NA,3
EN_MAR_BEALIT_OP,2017,2021,5,705,141,FALSE,TRUE,TRUE,entered_late,2022-03-31,2022-03-31,NA,3
EN_MAR_BEALIT_OV,2017,2021,5,705,141,FALSE,TRUE,TRUE,entered_late,2022-03-31,2022-03-31,NA,3
EN_MAR_BEALIT_PUSA,2015,2023,9,765,101,TRUE,FALSE,FALSE,stable,2025-03-28,2025-03-28,NA,2
EN_MAR_CHLANM,2018,2022,5,2250,150,FALSE,TRUE,TRUE,entered_late,2021-03-31,2021-03-31,NA,5
EN_MAR_CHLCONC,2015,2022,8,92,5,FALSE,FALSE,TRUE,exited_early,2024-03-28,2024-03-28,NA,1
EN_MAR_CHLDEV,2015,2022,8,1176,150,FALSE,FALSE,TRUE,exited_early,2020-09-30,2020-09-30,NA,7
EN_MAR_DSI_MML,2015,2022,8,98,4,FALSE,FALSE,TRUE,exited_early,2024-03-28,2024-03-28,NA,1
EN_MAR_PLASDD,2016,2023,8,20,4,FALSE,TRUE,FALSE,entered_late,2022-03-31,2022-03-31,NA,3
EN_MAR_TN_MML,2015,2022,8,589,18,FALSE,FALSE,TRUE,exited_early,2024-03-28,2024-03-28,NA,1
EN_MAR_TP_MML,2015,2023,9,580,18,TRUE,FALSE,FALSE,stable,2024-03-28,2024-03-28,NA,1
EN_MAT_DOMCMPC,2015,2023,9,24098,195,TRUE,FALSE,FALSE,stable,2018-06-20,NA,NA,14
EN_MAT_DOMCMPG,2015,2023,9,24098,195,TRUE,FALSE,FALSE,stable,2018-06-20,NA,NA,17
EN_MAT_DOMCMPT,2015,2023,9,24098,195,TRUE,FALSE,FALSE,stable,2018-06-20,NA,NA,15
EN_MWT_COLLV,2015,2023,9,701,86,TRUE,FALSE,FALSE,stable,2021-03-31,2021-03-31,NA,10
EN_MWT_EXP,2015,2023,9,125,17,TRUE,FALSE,FALSE,stable,2023-03-31,2023-03-31,NA,4
EN_MWT_GENV,2015,2023,9,618,74,TRUE,FALSE,FALSE,stable,2021-03-31,2021-03-31,NA,10
EN_MWT_IMP,2015,2023,9,117,16,TRUE,FALSE,FALSE,stable,2023-03-31,2023-03-31,NA,4
EN_MWT_RCYR,2015,2022,8,452,63,FALSE,FALSE,TRUE,exited_early,2023-03-31,2023-03-31,NA,5
EN_MWT_RCYV,2015,2023,9,583,70,TRUE,FALSE,FALSE,stable,2021-03-31,2021-03-31,NA,10
EN_MWT_TREATR,2015,2023,9,2322,76,TRUE,FALSE,FALSE,stable,2021-03-31,2021-03-31,NA,10
EN_MWT_TREATV,2015,2023,9,2586,92,TRUE,FALSE,FALSE,stable,2023-03-31,2023-03-31,NA,5
EN_REF_WASCOL,2015,2023,9,4655,98,TRUE,FALSE,FALSE,stable,2018-06-20,NA,NA,9
EN_RSRV_MNWAC,2015,2022,8,1104,138,FALSE,FALSE,TRUE,exited_early,2024-03-28,2024-03-28,NA,1
EN_RSRV_MNWAN,2015,2022,8,1512,189,FALSE,FALSE,TRUE,exited_early,2021-07-06,2021-07-06,NA,3
EN_RSRV_MNWAP,2015,2022,8,1520,190,FALSE,FALSE,TRUE,exited_early,2021-07-06,2021-07-06,NA,4
EN_RSRV_MXWAN,2015,2022,8,1512,189,FALSE,FALSE,TRUE,exited_early,2021-07-06,2021-07-06,NA,3
EN_RSRV_MXWAP,2015,2022,8,1520,190,FALSE,FALSE,TRUE,exited_early,2021-07-06,2021-07-06,NA,5
EN_RVR_MNRVFLC,2015,2023,9,1674,186,TRUE,FALSE,FALSE,stable,2025-03-28,2025-03-28,NA,2
EN_RVR_MNRVFLN,2015,2023,9,1701,189,TRUE,FALSE,FALSE,stable,2025-03-28,2025-03-28,NA,2
EN_RVR_MXRVFLC,2015,2023,9,1674,186,TRUE,FALSE,FALSE,stable,2025-03-28,2025-03-28,NA,2
EN_RVR_MXRVFLN,2015,2023,9,1701,189,TRUE,FALSE,FALSE,stable,2025-03-28,2025-03-28,NA,2
EN_SCP_ECSYBA,2015,2023,9,199,24,TRUE,FALSE,FALSE,stable,2022-03-31,2022-03-31,NA,3
EN_SCP_FRMN,2015,2023,9,4972,79,TRUE,FALSE,FALSE,stable,2021-03-31,2021-03-31,NA,9
EN_SCP_FSHGDP,2015,2023,5,525,116,FALSE,FALSE,FALSE,intermittent,2020-09-30,2020-09-30,NA,10
EN_TWT_GENV,2015,2023,9,2610,87,TRUE,FALSE,FALSE,stable,2021-07-06,2021-07-06,NA,10
EN_URB_OPENSP,2015,2023,9,1927,162,TRUE,FALSE,FALSE,stable,2022-07-07,2022-07-07,NA,8
EN_WBE_HMWTL,2021,2021,1,47,47,FALSE,TRUE,TRUE,entered_late,2020-10-20,2020-10-20,NA,6
EN_WBE_INWTL,2021,2021,1,101,101,FALSE,TRUE,TRUE,entered_late,2020-10-20,2020-10-20,NA,6
EN_WBE_MANGC,2015,2020,6,570,95,FALSE,FALSE,TRUE,exited_early,2021-07-06,2021-07-06,NA,3
EN_WBE_MANGN,2015,2020,6,570,95,FALSE,FALSE,TRUE,exited_early,2021-07-06,2021-07-06,NA,3
EN_WBE_NDQTGRW,2017,2017,1,8,8,FALSE,TRUE,TRUE,entered_late,2018-06-20,NA,NA,4
EN_WBE_WTLN,2017,2017,1,190,190,FALSE,TRUE,TRUE,entered_late,2021-07-06,2021-07-06,NA,3
EN_WBE_WTLP,2017,2017,1,188,188,FALSE,TRUE,TRUE,entered_late,2021-07-06,2021-07-06,NA,3
EN_WWT_GEN,2022,2022,1,456,85,FALSE,TRUE,TRUE,entered_late,2021-03-31,2021-03-31,NA,2
EN_WWT_TREAT,2022,2022,1,122,95,FALSE,TRUE,TRUE,entered_late,2021-03-31,2021-03-31,NA,2
EN_WWT_TREATR,2022,2022,1,94,73,FALSE,TRUE,TRUE,entered_late,2021-03-31,2021-03-31,NA,2
EN_WWT_TREATR_SF,2022,2022,1,58,42,FALSE,TRUE,TRUE,entered_late,2024-03-28,2024-03-28,NA,1
EN_WWT_TREAT_SF,2022,2022,1,73,56,FALSE,TRUE,TRUE,entered_late,2024-03-28,2024-03-28,NA,1
EN_WWT_WWDS,2020,2022,2,250,131,FALSE,TRUE,TRUE,entered_late,2019-03-29,2019-03-29,NA,4
ER_BDY_ABT2NP,2022,2022,1,386,193,FALSE,TRUE,TRUE,entered_late,2020-03-31,2020-03-31,NA,8
ER_CBD_ABSCLRHS,2015,2023,9,646,194,TRUE,FALSE,FALSE,stable,2018-06-20,NA,NA,10
ER_CBD_NAGOYA,2021,2023,3,582,194,FALSE,TRUE,FALSE,entered_late,2018-06-20,NA,NA,10
ER_CBD_ORSPGRFA,2016,2023,8,1568,196,FALSE,TRUE,FALSE,entered_late,2018-06-20,NA,NA,13
ER_CBD_PTYPGRFA,2015,2023,9,1764,196,TRUE,FALSE,FALSE,stable,2018-06-20,NA,NA,12
ER_CBD_SMTA,2015,2023,9,1764,196,TRUE,FALSE,FALSE,stable,2018-06-20,2019-07-08,NA,14
ER_FFS_CMPT_CD,2015,2023,9,1606,181,TRUE,FALSE,FALSE,stable,2022-03-31,2022-03-31,NA,8
ER_FFS_CMPT_GDP,2015,2023,9,1606,181,TRUE,FALSE,FALSE,stable,2021-03-31,2021-03-31,NA,8
ER_FFS_CMPT_PC_CD,2015,2023,9,1606,181,TRUE,FALSE,FALSE,stable,2022-03-31,2022-03-31,NA,7
ER_GRF_ANIMKPT,2015,2023,9,1572,176,TRUE,FALSE,FALSE,stable,2018-06-20,2023-03-31,2019-07-08,11
ER_GRF_ANIMKPT_TRB,2015,2023,9,1601,180,TRUE,FALSE,FALSE,stable,2023-07-10,2023-07-10,NA,7
ER_GRF_ANIMRCNTN,2015,2023,9,537,104,TRUE,FALSE,FALSE,stable,2018-06-20,NA,2019-07-08,17
ER_GRF_ANIMRCNTN_TRB,2015,2023,9,523,105,TRUE,FALSE,FALSE,stable,2022-12-16,2022-12-16,NA,10
ER_GRF_PLNTSTOR,2016,2023,8,944,118,FALSE,TRUE,FALSE,entered_late,2018-06-20,NA,NA,14
ER_H2O_FWTL,2016,2023,6,183,67,FALSE,TRUE,FALSE,entered_late,2018-06-20,NA,NA,16
ER_H2O_IWRMD,2017,2023,3,541,185,FALSE,TRUE,FALSE,entered_late,2018-06-20,NA,NA,12
ER_H2O_IWRMD_EE,2017,2023,3,541,185,FALSE,TRUE,FALSE,entered_late,2022-03-31,NA,NA,5
ER_H2O_IWRMD_FI,2017,2023,3,540,185,FALSE,TRUE,FALSE,entered_late,2021-12-20,2021-12-20,NA,6
ER_H2O_IWRMD_IP,2017,2023,3,541,185,FALSE,TRUE,FALSE,entered_late,2021-12-20,2021-12-20,NA,6
ER_H2O_IWRMD_MI,2017,2023,3,541,185,FALSE,TRUE,FALSE,entered_late,2021-12-20,2021-12-20,NA,6
ER_H2O_PRDU,2017,2022,3,319,123,FALSE,TRUE,TRUE,entered_late,2018-06-20,NA,NA,7
ER_H2O_RURP,2017,2022,3,319,123,FALSE,TRUE,TRUE,entered_late,2018-06-20,NA,NA,7
ER_H2O_STRESS,2015,2023,9,6343,178,TRUE,FALSE,FALSE,stable,2018-06-20,NA,NA,12
ER_H2O_WUEYST,2015,2023,9,6252,182,TRUE,FALSE,FALSE,stable,2019-03-29,2019-03-29,NA,12
ER_IAS_GLOFUN,2016,2022,3,296,135,FALSE,TRUE,TRUE,entered_late,2021-07-06,2021-07-06,NA,4
ER_IAS_LEGIS,2016,2022,3,579,193,FALSE,TRUE,TRUE,entered_late,2019-12-19,2019-12-19,NA,7
ER_IAS_NATBUD,2016,2022,3,300,139,FALSE,TRUE,TRUE,entered_late,2021-07-06,2021-07-06,NA,4
ER_IAS_NBSAP,2016,2022,3,579,193,FALSE,TRUE,TRUE,entered_late,2019-12-19,2019-12-19,NA,7
ER_MRN_MPA,2015,2023,9,1296,144,TRUE,FALSE,FALSE,stable,2018-06-20,NA,NA,10
ER_MTN_DGRDA,2015,2021,3,1539,163,FALSE,FALSE,TRUE,exited_early,2023-03-31,2023-03-31,NA,6
ER_MTN_DGRDP,2015,2021,3,1539,163,FALSE,FALSE,TRUE,exited_early,2023-03-31,2023-03-31,NA,6
ER_MTN_GRNCOV,2015,2021,3,16902,163,FALSE,FALSE,TRUE,exited_early,2018-06-20,2023-03-31,2021-02-19,9
ER_MTN_GRNCVI,2015,2021,3,16902,163,FALSE,FALSE,TRUE,exited_early,2018-06-20,NA,NA,12
ER_MTN_TOTL,2015,2021,3,1539,163,FALSE,FALSE,TRUE,exited_early,2018-06-20,2023-03-31,2021-02-19,9
ER_NOEX_LBREDN,2015,2023,9,1563,175,TRUE,FALSE,FALSE,stable,2023-03-31,2023-03-31,NA,9
ER_NOEX_TRBBREDN,2015,2023,9,1601,180,TRUE,FALSE,FALSE,stable,2025-03-28,2025-03-28,NA,4
ER_OAW_MNACD,2015,2023,9,1398,31,TRUE,FALSE,FALSE,stable,2020-03-31,2020-03-31,NA,8
ER_PTD_FRHWTR,2015,2023,9,1422,158,TRUE,FALSE,FALSE,stable,2018-06-20,NA,NA,11
ER_PTD_MTN,2015,2023,9,1467,163,TRUE,FALSE,FALSE,stable,2018-06-20,NA,NA,11
ER_PTD_TERR,2015,2023,9,1737,193,TRUE,FALSE,FALSE,stable,2018-06-20,NA,NA,11
ER_RDE_OSEX,2015,2023,9,111,25,TRUE,FALSE,FALSE,stable,2018-06-20,NA,NA,5
ER_REG_SSFRAR,2018,2022,3,296,112,FALSE,TRUE,TRUE,entered_late,2019-03-29,2019-03-29,NA,12
ER_REG_UNFCIM,2018,2022,3,265,101,FALSE,TRUE,TRUE,entered_late,2019-03-29,2019-03-29,NA,12
ER_RSK_LBREDS,2015,2023,9,740,88,TRUE,FALSE,FALSE,stable,2019-07-08,2019-07-08,NA,19
ER_RSK_LST,2015,2023,9,1764,196,TRUE,FALSE,FALSE,stable,2018-06-20,NA,NA,12
ER_RSK_TRBBREDS,2015,2023,9,765,94,TRUE,FALSE,FALSE,stable,2025-03-28,2025-03-28,NA,5
ER_UNCLOS_IMPLE,2021,2023,2,59,43,FALSE,TRUE,FALSE,entered_late,2021-03-31,2021-03-31,NA,3
ER_UNCLOS_RATACC,2021,2023,2,62,45,FALSE,TRUE,FALSE,entered_late,2021-03-31,2021-03-31,NA,4
ER_UNK_LBREDN,2015,2023,9,1563,175,TRUE,FALSE,FALSE,stable,2018-06-20,2023-03-31,2019-07-08,11
ER_UNK_TRBBREDN,2015,2023,9,1601,180,TRUE,FALSE,FALSE,stable,2025-03-28,2025-03-28,NA,4
ER_WAT_PART,2017,2022,3,319,123,FALSE,TRUE,TRUE,entered_late,2018-06-20,NA,NA,7
ER_WAT_PRDU,2017,2022,3,319,123,FALSE,TRUE,TRUE,entered_late,2018-06-20,NA,NA,7
ER_WLD_TRPOACH,2016,2021,6,1806,69,FALSE,TRUE,TRUE,entered_late,2024-09-27,2024-09-27,NA,1
FB_ATM_TOTL,2015,2023,9,1558,181,TRUE,FALSE,FALSE,stable,2018-06-20,NA,NA,12
FB_BNK_ACCSS,2017,2021,2,2545,145,FALSE,TRUE,TRUE,entered_late,2018-06-20,NA,NA,5
FB_BNK_ACCSS_ILF,2017,2021,2,281,144,FALSE,TRUE,TRUE,entered_late,2022-09-30,2022-09-30,NA,3
FB_BNK_ACCSS_OLF,2017,2021,2,281,144,FALSE,TRUE,TRUE,entered_late,2022-09-30,2022-09-30,NA,3
FB_BNK_CAPA_ZS,2015,2023,9,1209,142,TRUE,FALSE,FALSE,stable,2021-09-30,2021-09-30,NA,6
FB_CBK_BRCH,2015,2023,9,1545,180,TRUE,FALSE,FALSE,stable,2018-06-20,NA,NA,12
FC_ACC_SSID,2015,2023,9,152,45,TRUE,FALSE,FALSE,stable,2018-06-20,NA,NA,12
FI_FSI_FSANL,2015,2023,9,1263,143,TRUE,FALSE,FALSE,stable,2019-03-29,2019-03-29,NA,9
FI_FSI_FSERA,2015,2023,9,1270,144,TRUE,FALSE,FALSE,stable,2019-03-29,2019-03-29,NA,9
FI_FSI_FSKA,2015,2023,9,1223,139,TRUE,FALSE,FALSE,stable,2019-03-29,2019-03-29,NA,9
FI_FSI_FSKNL,2015,2023,9,1249,142,TRUE,FALSE,FALSE,stable,2019-03-29,2019-03-29,NA,9
FI_FSI_FSKRTC,2015,2023,9,1265,143,TRUE,FALSE,FALSE,stable,2019-03-29,2019-03-29,NA,9
FI_FSI_FSLS,2015,2023,9,1176,134,TRUE,FALSE,FALSE,stable,2019-03-29,2019-03-29,NA,9
FI_FSI_FSSNO,2015,2023,9,1025,119,TRUE,FALSE,FALSE,stable,2019-03-29,2019-03-29,NA,9
FI_RES_TOTL_MO,2015,2023,9,1455,168,TRUE,FALSE,FALSE,stable,2021-09-30,2021-09-30,NA,6
FM_LBL_BMNY_IR_ZS,2015,2023,9,1200,146,TRUE,FALSE,FALSE,stable,2021-09-30,2021-09-30,NA,6
FM_LBL_BMNY_ZG,2015,2023,9,1289,155,TRUE,FALSE,FALSE,stable,2021-09-30,2021-09-30,NA,6
FP_CPI_TOTL_ZG,2015,2023,9,1621,184,TRUE,FALSE,FALSE,stable,2021-09-30,2021-09-30,NA,6
GB_POP_SCIERD,2015,2023,9,734,89,TRUE,FALSE,FALSE,stable,2018-06-20,NA,NA,12
GB_XPD_CULNAT_PB,2017,2023,7,671,48,FALSE,TRUE,FALSE,entered_late,2021-12-20,2021-12-20,NA,8
GB_XPD_CULNAT_PBPV,2017,2023,7,109,22,FALSE,TRUE,FALSE,entered_late,2021-12-20,2021-12-20,NA,8
GB_XPD_CULNAT_PV,2017,2023,7,114,23,FALSE,TRUE,FALSE,entered_late,2021-12-20,2021-12-20,NA,8
GB_XPD_CUL_PBPV,2017,2023,7,96,20,FALSE,TRUE,FALSE,entered_late,2021-12-20,2021-12-20,NA,8
GB_XPD_NAT_PBPV,2017,2023,7,75,14,FALSE,TRUE,FALSE,entered_late,2021-12-20,2021-12-20,NA,8
GB_XPD_RSDV,2015,2023,9,818,100,TRUE,FALSE,FALSE,stable,2018-06-20,NA,NA,12
GC_BAL_CASH_GD_ZS,2015,2023,9,1157,144,TRUE,FALSE,FALSE,stable,2021-12-20,2021-12-20,NA,6
GC_GOB_TAXD,2015,2023,9,1224,157,TRUE,FALSE,FALSE,stable,2019-07-08,2019-07-08,NA,14
GC_TAX_TOTL_GD_ZS,2015,2023,9,1190,146,TRUE,FALSE,FALSE,stable,2021-09-30,2021-09-30,NA,6
GF_COM_PPPI,2015,2020,6,769,129,FALSE,FALSE,TRUE,exited_early,2020-12-21,2020-12-21,NA,3
GF_COM_PPPI_KD,2015,2020,6,690,129,FALSE,FALSE,TRUE,exited_early,2020-12-21,2020-12-21,NA,3
GF_FRN_FDI,2015,2023,9,1695,189,TRUE,FALSE,FALSE,stable,2020-07-07,2020-07-07,NA,12
GF_XPD_GBPC,2015,2023,9,1204,154,TRUE,FALSE,FALSE,stable,2019-03-29,2019-03-29,NA,9
GR_G14_GDP,2015,2023,9,1230,159,TRUE,FALSE,FALSE,stable,2019-07-08,2019-07-08,NA,13
GR_G14_XDC,2015,2023,9,1232,159,TRUE,FALSE,FALSE,stable,2020-03-31,2020-03-31,NA,11
IC_FRM_BRIB,2015,2023,9,152,45,TRUE,FALSE,FALSE,stable,2018-06-20,NA,NA,10
IC_GEN_MGTL,2015,2023,9,937,114,TRUE,FALSE,FALSE,stable,2018-06-20,NA,NA,10
IC_GEN_MGTL_19ICLS,2015,2023,9,566,75,TRUE,FALSE,FALSE,stable,2023-03-31,2023-03-31,NA,4
IC_GEN_MGTN,2015,2023,9,787,95,TRUE,FALSE,FALSE,stable,2018-06-20,NA,NA,10
IC_GEN_MGTN_19ICLS,2015,2023,9,443,59,TRUE,FALSE,FALSE,stable,2023-03-31,2023-03-31,NA,4
IQ_SPI_PIL4,2016,2023,8,1437,188,FALSE,TRUE,FALSE,entered_late,2023-12-15,2023-12-15,NA,4
IQ_SPI_PIL5,2016,2023,8,1519,191,FALSE,TRUE,FALSE,entered_late,2023-12-15,2023-12-15,NA,4
IS_RDP_FRGVOL,2017,2022,6,913,157,FALSE,TRUE,TRUE,entered_late,2018-06-20,NA,NA,14
IS_RDP_PFVOL,2017,2022,6,937,158,FALSE,TRUE,TRUE,entered_late,2018-06-20,NA,NA,13
IS_RDP_PORFVOL,2015,2023,9,1038,119,TRUE,FALSE,FALSE,stable,2020-03-31,2020-03-31,NA,7
IT_MOB_2GNTWK,2015,2023,9,1686,197,TRUE,FALSE,FALSE,stable,2019-12-19,NA,NA,9
IT_MOB_3GNTWK,2015,2023,9,1669,196,TRUE,FALSE,FALSE,stable,2019-12-19,NA,NA,8
IT_MOB_4GNTWK,2015,2023,9,1644,195,TRUE,FALSE,FALSE,stable,2019-12-19,NA,NA,8
IT_MOB_5GNTWK,2018,2023,6,517,173,FALSE,TRUE,FALSE,entered_late,2025-03-28,2025-03-28,NA,2
IT_MOB_OWN,2015,2023,9,1759,182,TRUE,FALSE,FALSE,stable,2018-06-20,NA,NA,9
IT_NET_BBND,2015,2023,9,5532,193,TRUE,FALSE,FALSE,stable,2018-06-20,NA,NA,11
IT_NET_BBNDN,2015,2023,9,5532,193,TRUE,FALSE,FALSE,stable,2018-06-20,NA,NA,11
IT_USE_ii99,2015,2023,9,3062,191,TRUE,FALSE,FALSE,stable,2018-06-20,NA,NA,11
IU_COR_BRIB,2015,2023,9,287,58,TRUE,FALSE,FALSE,stable,2019-07-08,2019-07-08,NA,8
IU_DMK_ICRS,2016,2023,6,113,14,FALSE,TRUE,FALSE,entered_late,2022-12-16,2022-12-16,NA,4
IU_DMK_INCL,2015,2023,9,355,38,TRUE,FALSE,FALSE,stable,2022-12-16,2022-12-16,NA,5
IU_DMK_RESP,2016,2023,7,181,13,FALSE,TRUE,FALSE,entered_late,2022-12-16,2022-12-16,NA,4
NE_CON_GOVT_KD_ZG,2015,2023,9,1449,163,TRUE,FALSE,FALSE,stable,2021-09-30,2021-09-30,NA,7
NE_CON_PRVT_KD_ZG,2015,2023,9,1451,163,TRUE,FALSE,FALSE,stable,2021-12-20,2021-12-20,NA,6
NE_EXP_GNFS_KD_ZG,2015,2023,9,1454,163,TRUE,FALSE,FALSE,stable,2021-09-30,2021-09-30,NA,6
NE_GDI_TOTL_KD_ZG,2015,2023,9,1407,157,TRUE,FALSE,FALSE,stable,2021-09-30,2021-09-30,NA,6
NE_IMP_GNFS_KD_ZG,2015,2023,9,1454,163,TRUE,FALSE,FALSE,stable,2021-09-30,2021-09-30,NA,6
NV_IND_MANF,2015,2023,9,1773,197,TRUE,FALSE,FALSE,stable,2018-06-20,NA,NA,13
NV_IND_MANFPC,2015,2023,9,1773,197,TRUE,FALSE,FALSE,stable,2018-06-20,NA,NA,15
NV_IND_MANF_CD,2015,2023,9,1773,197,TRUE,FALSE,FALSE,stable,2021-03-31,2021-03-31,NA,10
NV_IND_SSIS,2015,2023,9,476,59,TRUE,FALSE,FALSE,stable,2018-06-20,NA,NA,12
NV_IND_SSIS_NC,2015,2023,9,385,59,TRUE,FALSE,FALSE,stable,2025-03-28,2025-03-28,NA,2
NV_IND_TECH,2015,2023,9,946,116,TRUE,FALSE,FALSE,stable,2018-06-20,NA,NA,12
NY_GDP_MKTP_KD_ZG,2015,2023,9,1732,194,TRUE,FALSE,FALSE,stable,2021-09-30,2021-09-30,NA,6
NY_GDP_PCAP,2015,2023,9,1764,196,TRUE,FALSE,FALSE,stable,2018-06-20,NA,NA,11
PA_NUS_ATLS,2015,2023,9,1761,196,TRUE,FALSE,FALSE,stable,2021-12-20,2021-12-20,NA,6
PD_AGR_LSFP,2015,2023,8,326,31,FALSE,FALSE,FALSE,intermittent,2021-03-31,2021-03-31,NA,10
PD_AGR_SSFP,2015,2023,9,339,32,TRUE,FALSE,FALSE,stable,2019-07-08,2019-07-08,NA,12
SD_CPA_UPRDP,2020,2023,2,392,196,FALSE,TRUE,FALSE,entered_late,2020-10-20,2020-10-20,NA,2
SD_MDP_ANDI,2015,2023,9,189,16,TRUE,FALSE,FALSE,stable,2020-07-07,2020-07-07,NA,7
SD_MDP_ANDIHH,2015,2023,9,56,8,TRUE,FALSE,FALSE,stable,2021-07-06,2021-07-06,NA,5
SD_MDP_CSMP,2015,2019,4,25,4,FALSE,FALSE,TRUE,exited_early,2020-07-07,2020-07-07,NA,6
SD_MDP_MUHC,2015,2023,9,1849,51,TRUE,FALSE,FALSE,stable,2020-07-07,2020-07-07,NA,7
SD_MDP_MUHHC,2015,2023,9,78,11,TRUE,FALSE,FALSE,stable,2020-07-07,2020-07-07,NA,7
SD_XPD_ESED,2015,2023,9,1347,159,TRUE,FALSE,FALSE,stable,2018-06-20,2024-06-28,NA,10
SE_ACC_HNDWSH,2015,2023,9,2214,106,TRUE,FALSE,FALSE,stable,2018-06-20,NA,NA,11
SE_ACS_CMPTR,2015,2023,9,3274,133,TRUE,FALSE,FALSE,stable,2018-06-20,NA,NA,11
SE_ACS_ELECT,2015,2023,9,2704,125,TRUE,FALSE,FALSE,stable,2018-06-20,NA,NA,11
SE_ACS_H2O,2015,2023,9,2376,117,TRUE,FALSE,FALSE,stable,2018-06-20,NA,NA,11
SE_ACS_INTNT,2015,2023,9,3022,128,TRUE,FALSE,FALSE,stable,2018-06-20,NA,NA,11
SE_ACS_SANIT,2015,2023,9,2060,94,TRUE,FALSE,FALSE,stable,2018-06-20,NA,NA,11
SE_ADT_ACTS,2015,2023,9,84967,81,TRUE,FALSE,FALSE,stable,2018-06-20,NA,NA,9
SE_ADT_AGP_LITR,2015,2023,9,1247,45,TRUE,FALSE,FALSE,stable,2025-12-12,2025-12-12,NA,2
SE_ADT_ALP_LITR,2015,2023,9,1080,41,TRUE,FALSE,FALSE,stable,2025-12-12,2025-12-12,NA,2
SE_ADT_AMP_LITR,2019,2023,4,30,6,FALSE,TRUE,FALSE,entered_late,2026-03-27,2026-03-27,NA,1
SE_ADT_AWP_LITR,2015,2023,9,290,16,TRUE,FALSE,FALSE,stable,2025-12-12,2025-12-12,NA,2
SE_ADT_EDUCTRN,2015,2023,9,8847,113,TRUE,FALSE,FALSE,stable,2018-06-20,NA,NA,10
SE_ADT_LITR,2015,2023,9,3803,48,TRUE,FALSE,FALSE,stable,2025-12-12,2025-12-12,NA,2
SE_AGP_CPRA,2015,2023,9,7932,77,TRUE,FALSE,FALSE,stable,2020-07-07,2020-07-07,NA,11
SE_ALP_CPLR,2015,2023,9,6443,73,TRUE,FALSE,FALSE,stable,2020-07-07,2020-07-07,NA,10
SE_AWP_CPRA,2015,2023,9,3488,42,TRUE,FALSE,FALSE,stable,2020-07-07,2020-07-07,NA,10
SE_DEV_ONTRK,2015,2021,7,145,16,FALSE,FALSE,TRUE,exited_early,2018-06-20,NA,NA,9
SE_DEV_ONTRKWB,2021,2023,3,84,13,FALSE,TRUE,FALSE,entered_late,2025-03-28,2025-03-28,NA,2
SE_GCEDESD_CUR,2020,2020,1,177,59,FALSE,TRUE,TRUE,entered_late,2021-07-06,2021-07-06,NA,6
SE_GCEDESD_NEP,2020,2020,1,192,64,FALSE,TRUE,TRUE,entered_late,2021-07-06,2021-07-06,NA,6
SE_GCEDESD_SAS,2020,2020,1,192,64,FALSE,TRUE,TRUE,entered_late,2021-07-06,2021-07-06,NA,6
SE_GCEDESD_TED,2020,2020,1,186,62,FALSE,TRUE,TRUE,entered_late,2021-07-06,2021-07-06,NA,7
SE_GPI_ICTS,2015,2023,9,5938,59,TRUE,FALSE,FALSE,stable,2018-06-20,NA,NA,9
SE_GPI_PART,2015,2023,9,2954,113,TRUE,FALSE,FALSE,stable,2018-06-20,NA,NA,11
SE_GPI_PTNPRE,2015,2023,9,1101,128,TRUE,FALSE,FALSE,stable,2018-06-20,NA,NA,11
SE_GPI_TCAQ,2015,2023,9,2426,91,TRUE,FALSE,FALSE,stable,2018-06-20,NA,NA,11
SE_INF_DSBL,2015,2023,9,1131,65,TRUE,FALSE,FALSE,stable,2018-06-20,NA,NA,10
SE_LGP_ACHI,2015,2023,8,645,78,FALSE,FALSE,FALSE,intermittent,2019-12-19,NA,NA,9
SE_NAP_ACHI,2015,2023,6,505,76,FALSE,FALSE,FALSE,intermittent,2019-12-19,NA,NA,9
SE_PRE_PARTN,2015,2023,9,3339,132,TRUE,FALSE,FALSE,stable,2018-06-20,NA,NA,10
SE_SGE_BIODIV,2023,2023,1,327,109,FALSE,TRUE,FALSE,entered_late,2026-03-27,2026-03-27,NA,2
SE_SGE_CLIMCH,2023,2023,1,327,109,FALSE,TRUE,FALSE,entered_late,2026-03-27,2026-03-27,NA,2
SE_SGE_ENVSUST,2023,2023,1,327,109,FALSE,TRUE,FALSE,entered_late,2026-03-27,2026-03-27,NA,2
SE_SGE_OVERALL,2023,2023,1,327,109,FALSE,TRUE,FALSE,entered_late,2026-03-27,2026-03-27,NA,2
SE_TOT_CPLR,2015,2023,9,44295,73,TRUE,FALSE,FALSE,stable,2020-07-07,2020-07-07,NA,12
SE_TOT_GPI,2015,2023,8,760,89,FALSE,FALSE,FALSE,intermittent,2019-12-19,NA,NA,9
SE_TOT_PRFL,2015,2023,8,2325,89,FALSE,FALSE,FALSE,intermittent,2019-12-19,NA,NA,11
SE_TOT_RUPI,2015,2023,7,372,62,FALSE,FALSE,FALSE,intermittent,2019-12-19,NA,NA,9
SE_TOT_SESPI,2015,2023,8,679,77,FALSE,FALSE,FALSE,intermittent,2019-12-19,NA,NA,9
SE_TRA_GRDL,2015,2023,9,8635,100,TRUE,FALSE,FALSE,stable,2018-06-20,NA,NA,10
SG_CPA_MIGRS,2019,2021,2,1400,111,FALSE,TRUE,TRUE,entered_late,2020-07-07,NA,NA,3
SG_CPA_OFDI,2023,2023,1,895,179,FALSE,TRUE,FALSE,entered_late,2023-09-29,2023-09-29,NA,7
SG_CPA_SDEVP,2020,2022,2,49,27,FALSE,TRUE,TRUE,entered_late,2021-03-31,2021-03-31,NA,5
SG_DMK_JDC,2015,2023,9,1312,75,TRUE,FALSE,FALSE,stable,2022-03-31,2022-03-31,NA,6
SG_DMK_JDC_CNS,2015,2023,9,982,71,TRUE,FALSE,FALSE,stable,2022-03-31,2022-03-31,NA,5
SG_DMK_JDC_HGR,2015,2023,9,902,60,TRUE,FALSE,FALSE,stable,2022-03-31,2022-03-31,NA,5
SG_DMK_JDC_LWR,2015,2023,9,880,55,TRUE,FALSE,FALSE,stable,2022-03-31,2022-03-31,NA,6
SG_DMK_PARLCC_JC,2021,2023,3,63,13,FALSE,TRUE,FALSE,entered_late,2021-03-31,2021-03-31,NA,7
SG_DMK_PARLCC_LC,2021,2023,3,2522,180,FALSE,TRUE,FALSE,entered_late,2020-07-07,2020-07-07,NA,8
SG_DMK_PARLCC_UC,2021,2023,3,940,72,FALSE,TRUE,FALSE,entered_late,2020-07-07,2020-07-07,NA,8
SG_DMK_PARLMP_LC,2021,2023,3,538,185,FALSE,TRUE,FALSE,entered_late,2020-07-07,2020-07-07,NA,9
SG_DMK_PARLMP_UC,2021,2023,3,225,75,FALSE,TRUE,FALSE,entered_late,2020-07-07,2020-07-07,NA,8
SG_DMK_PARLSP_LC,2021,2023,3,576,192,FALSE,TRUE,FALSE,entered_late,2020-07-07,2020-07-07,NA,8
SG_DMK_PARLSP_UC,2021,2023,3,244,81,FALSE,TRUE,FALSE,entered_late,2020-07-07,2020-07-07,NA,8
SG_DMK_PARLYTHN_LC,2021,2023,3,405,143,FALSE,TRUE,FALSE,entered_late,2026-03-27,2026-03-27,NA,1
SG_DMK_PARLYTHN_UC,2021,2023,3,154,58,FALSE,TRUE,FALSE,entered_late,2026-03-27,2026-03-27,NA,1
SG_DMK_PARLYTHP_LC,2021,2023,3,404,143,FALSE,TRUE,FALSE,entered_late,2026-03-27,2026-03-27,NA,1
SG_DMK_PARLYTHP_UC,2021,2023,3,155,58,FALSE,TRUE,FALSE,entered_late,2026-03-27,2026-03-27,NA,1
SG_DMK_PARLYTHR_LC,2021,2023,3,390,140,FALSE,TRUE,FALSE,entered_late,2026-03-27,2026-03-27,NA,1
SG_DMK_PARLYTHR_UC,2021,2023,3,149,56,FALSE,TRUE,FALSE,entered_late,2026-03-27,2026-03-27,NA,1
SG_DMK_PSRVC,2015,2023,9,2411,90,TRUE,FALSE,FALSE,stable,2022-03-31,2022-03-31,NA,8
SG_DSR_LGRGSR,2015,2023,9,1917,92,TRUE,FALSE,FALSE,stable,2018-06-20,NA,NA,11
SG_DSR_SILN,2015,2023,9,1980,86,TRUE,FALSE,FALSE,stable,2018-06-20,NA,NA,10
SG_DSR_SILS,2015,2023,9,1959,86,TRUE,FALSE,FALSE,stable,2018-06-20,NA,NA,11
SG_GEN_EQPWNN,2018,2022,3,124,65,FALSE,TRUE,TRUE,entered_late,2024-06-28,2024-06-28,NA,4
SG_GEN_LOCGELS,2015,2023,9,339,51,TRUE,FALSE,FALSE,stable,2019-07-08,2019-07-08,NA,9
SG_GEN_PARL,2015,2023,9,1713,193,TRUE,FALSE,FALSE,stable,2018-06-20,NA,NA,11
SG_GEN_PARLN,2015,2023,9,1713,193,TRUE,FALSE,FALSE,stable,2018-06-20,NA,NA,11
SG_GEN_PARLNT,2021,2023,3,566,191,FALSE,TRUE,FALSE,entered_late,2018-06-20,NA,NA,10
SG_GOV_LOGV,2015,2023,9,2043,90,TRUE,FALSE,FALSE,stable,2018-06-20,NA,NA,10
SG_HAZ_CMRBASEL,2015,2020,2,369,187,FALSE,FALSE,TRUE,exited_early,2018-06-20,NA,NA,5
SG_HAZ_CMRMNMT,2020,2020,1,105,105,FALSE,TRUE,TRUE,entered_late,2020-03-31,2020-03-31,NA,5
SG_HAZ_CMRMNTRL,2015,2020,2,387,194,FALSE,FALSE,TRUE,exited_early,2018-06-20,NA,NA,7
SG_HAZ_CMRROTDAM,2015,2020,2,312,160,FALSE,FALSE,TRUE,exited_early,2018-06-20,NA,NA,4
SG_HAZ_CMRSTHOLM,2015,2020,2,352,176,FALSE,FALSE,TRUE,exited_early,2018-06-20,NA,NA,4
SG_INT_MBRDEV,2015,2023,9,21658,196,TRUE,FALSE,FALSE,stable,2018-06-20,NA,NA,9
SG_INT_VRTDEV,2015,2023,9,21658,196,TRUE,FALSE,FALSE,stable,2018-06-20,NA,NA,9
SG_LGL_GENEQEMP,2018,2022,3,268,120,FALSE,TRUE,TRUE,entered_late,2019-07-08,2019-07-08,NA,6
SG_LGL_GENEQLFP,2018,2022,3,268,120,FALSE,TRUE,TRUE,entered_late,2019-07-08,2019-07-08,NA,6
SG_LGL_GENEQMAR,2018,2022,3,268,120,FALSE,TRUE,TRUE,entered_late,2019-07-08,2019-07-08,NA,6
SG_LGL_GENEQVAW,2018,2022,3,268,120,FALSE,TRUE,TRUE,entered_late,2019-07-08,2019-07-08,NA,6
SG_LGL_LNDFEMOD,2019,2023,5,79,20,FALSE,TRUE,FALSE,entered_late,2020-07-07,NA,NA,10
SG_NHR_CMPLNC,2015,2023,9,1746,194,TRUE,FALSE,FALSE,stable,2024-06-28,2024-06-28,NA,3
SG_NHR_IMPL,2015,2023,9,1746,194,TRUE,FALSE,FALSE,stable,2018-06-20,NA,NA,9
SG_PLN_MSTKSDG_P,2016,2018,2,39,20,FALSE,TRUE,TRUE,entered_late,2021-03-31,2021-03-31,NA,6
SG_PLN_MSTKSDG_R,2016,2023,3,143,74,FALSE,TRUE,FALSE,entered_late,2021-03-31,2021-03-31,NA,10
SG_PLN_PRPOLRES,2016,2018,2,59,32,FALSE,TRUE,TRUE,entered_late,2018-09-25,2018-09-25,NA,7
SG_PLN_PRVNDI,2016,2018,2,59,32,FALSE,TRUE,TRUE,entered_late,2018-06-20,NA,NA,7
SG_PLN_PRVRICTRY,2016,2018,2,59,32,FALSE,TRUE,TRUE,entered_late,2018-06-20,NA,NA,7
SG_PLN_PRVRIMON,2016,2018,2,59,32,FALSE,TRUE,TRUE,entered_late,2018-06-20,NA,NA,7
SG_PLN_RECNDI,2016,2023,3,159,79,FALSE,TRUE,FALSE,entered_late,2018-06-20,NA,NA,11
SG_PLN_RECRICTRY,2016,2023,3,159,79,FALSE,TRUE,FALSE,entered_late,2018-06-20,NA,NA,11
SG_PLN_RECRIMON,2016,2023,3,159,79,FALSE,TRUE,FALSE,entered_late,2018-06-20,NA,NA,11
SG_PLN_REPOLRES,2016,2023,3,159,79,FALSE,TRUE,FALSE,entered_late,2018-09-25,2018-09-25,NA,12
SG_REG_BRTH,2015,2023,9,564,32,TRUE,FALSE,FALSE,stable,2018-06-20,NA,NA,10
SG_REG_BRTH90N,2015,2023,9,1369,156,TRUE,FALSE,FALSE,stable,2018-06-20,NA,NA,9
SG_REG_CENSUSN,2015,2023,9,148,42,TRUE,FALSE,FALSE,stable,2018-06-20,NA,NA,5
SG_REG_DETH75N,2015,2023,9,1327,151,TRUE,FALSE,FALSE,stable,2018-06-20,NA,NA,9
SG_SCP_CNTRY,2019,2023,5,60,16,FALSE,TRUE,FALSE,entered_late,2019-01-28,2019-01-28,NA,11
SG_SCP_POLINS,2019,2023,5,109,16,FALSE,TRUE,FALSE,entered_late,2019-01-28,2019-01-28,NA,11
SG_SCP_PROCN,2020,2022,2,82,49,FALSE,TRUE,TRUE,entered_late,2021-07-06,2021-07-06,NA,4
SG_SCP_PROCN_HS,2020,2020,1,30,5,FALSE,TRUE,TRUE,entered_late,2021-07-06,2021-07-06,NA,1
SG_SCP_PROCN_LS,2020,2020,1,9,4,FALSE,TRUE,TRUE,entered_late,2021-07-06,2021-07-06,NA,1
SG_SCP_TOTLN,2019,2023,5,60,16,FALSE,TRUE,FALSE,entered_late,2021-07-13,2021-07-13,NA,8
SG_STT_CAPTY,2015,2023,9,1201,138,TRUE,FALSE,FALSE,stable,2018-06-20,NA,NA,12
SG_STT_FPOS,2019,2023,5,799,173,FALSE,TRUE,FALSE,entered_late,2018-06-20,NA,NA,11
SG_STT_NSDSFDDNR,2019,2023,5,179,56,FALSE,TRUE,FALSE,entered_late,2018-06-20,NA,NA,10
SG_STT_NSDSFDGVT,2019,2023,5,507,128,FALSE,TRUE,FALSE,entered_late,2018-06-20,NA,NA,10
SG_STT_NSDSFDOTHR,2019,2023,5,85,26,FALSE,TRUE,FALSE,entered_late,2018-06-20,NA,NA,10
SG_STT_NSDSFND,2019,2023,5,706,155,FALSE,TRUE,FALSE,entered_late,2018-06-20,NA,NA,10
SG_STT_NSDSIMPL,2019,2023,5,866,181,FALSE,TRUE,FALSE,entered_late,2018-06-20,NA,NA,10
SG_STT_ODIN,2022,2022,1,189,189,FALSE,TRUE,TRUE,entered_late,2023-12-15,2023-12-15,NA,4
SG_URB_CSPART,2015,2023,9,86,7,TRUE,FALSE,FALSE,stable,2025-07-14,2025-07-14,NA,2
SG_XPD_EDUC,2015,2023,9,874,104,TRUE,FALSE,FALSE,stable,2024-06-28,2024-06-28,NA,4
SG_XPD_ESSRV,2015,2023,9,850,100,TRUE,FALSE,FALSE,stable,2024-06-28,2024-06-28,NA,4
SG_XPD_HLTH,2015,2023,9,875,104,TRUE,FALSE,FALSE,stable,2024-03-28,2024-03-28,NA,6
SG_XPD_PR,2015,2022,8,121,30,FALSE,FALSE,TRUE,exited_early,2025-03-28,2025-03-28,NA,2
SG_XPD_PROT,2015,2023,9,851,100,TRUE,FALSE,FALSE,stable,2024-03-28,2024-03-28,NA,7
SG_XPD_PR_EDUC,2015,2020,6,40,10,FALSE,FALSE,TRUE,exited_early,2025-03-28,2025-03-28,NA,2
SG_XPD_PR_HLTH,2015,2020,6,39,10,FALSE,FALSE,TRUE,exited_early,2025-03-28,2025-03-28,NA,2
SG_XPD_PR_SOC,2015,2022,8,119,30,FALSE,FALSE,TRUE,exited_early,2025-03-28,2025-03-28,NA,2
SH_AAP_ASMORT,2019,2019,1,183,183,FALSE,TRUE,TRUE,entered_late,2018-06-20,NA,NA,3
SH_ACS_DTP3,2015,2023,9,1728,192,TRUE,FALSE,FALSE,stable,2018-06-20,NA,NA,10
SH_ACS_HPV,2015,2023,9,807,130,TRUE,FALSE,FALSE,stable,2020-03-31,2020-03-31,NA,8
SH_ACS_MCV2,2015,2023,9,1555,188,TRUE,FALSE,FALSE,stable,2018-06-20,NA,NA,10
SH_ACS_PCV3,2015,2023,9,1269,155,TRUE,FALSE,FALSE,stable,2018-06-20,NA,NA,10
SH_ACS_UNHC_25,2015,2023,9,1737,193,TRUE,FALSE,FALSE,stable,2025-12-12,2025-12-12,NA,1
SH_ALC_CONSPT,2015,2023,9,1710,190,TRUE,FALSE,FALSE,stable,2018-06-20,NA,NA,9
SH_BLD_ECOLI,2016,2022,7,415,84,FALSE,TRUE,TRUE,entered_late,2020-09-30,2020-09-30,NA,6
SH_BLD_MRSA,2016,2022,7,405,85,FALSE,TRUE,TRUE,entered_late,2020-09-30,2020-09-30,NA,6
SH_DTH_NCOM,2015,2021,4,2208,184,FALSE,FALSE,TRUE,exited_early,2018-06-20,NA,NA,5
SH_DYN_IMRT,2015,2023,9,5238,194,TRUE,FALSE,FALSE,stable,2018-06-20,NA,NA,11
SH_DYN_IMRTN,2015,2023,9,5238,194,TRUE,FALSE,FALSE,stable,2018-06-20,NA,NA,11
SH_DYN_MORT,2015,2023,9,5238,194,TRUE,FALSE,FALSE,stable,2018-06-20,NA,NA,11
SH_DYN_MORTN,2015,2023,9,5238,194,TRUE,FALSE,FALSE,stable,2018-06-20,NA,NA,12
SH_DYN_NMRT,2015,2023,9,1746,194,TRUE,FALSE,FALSE,stable,2018-06-20,NA,NA,11
SH_DYN_NMRTN,2015,2023,9,1746,194,TRUE,FALSE,FALSE,stable,2018-06-20,NA,NA,11
SH_FPL_INFM,2015,2023,9,77,15,TRUE,FALSE,FALSE,stable,2018-06-20,NA,NA,9
SH_FPL_INFMCU,2015,2023,9,77,15,TRUE,FALSE,FALSE,stable,2019-03-29,2019-03-29,NA,8
SH_FPL_INFMRH,2015,2023,9,77,15,TRUE,FALSE,FALSE,stable,2019-03-29,2019-03-29,NA,8
SH_FPL_INFMSR,2015,2023,9,77,15,TRUE,FALSE,FALSE,stable,2019-03-29,2019-03-29,NA,9
SH_FPL_MTMM,2015,2023,9,183,33,TRUE,FALSE,FALSE,stable,2018-06-20,NA,NA,5
SH_H2O_SAFE,2015,2023,9,2913,146,TRUE,FALSE,FALSE,stable,2018-06-20,NA,NA,8
SH_HAP_ASMORT,2019,2019,1,180,180,FALSE,TRUE,TRUE,entered_late,2018-06-20,NA,NA,3
SH_HAP_HBSAG_26,2015,2023,9,1764,196,TRUE,FALSE,FALSE,stable,2026-07-07,2026-07-07,NA,1
SH_HIV_INCD,2015,2023,9,15977,144,TRUE,FALSE,FALSE,stable,2018-06-20,NA,NA,10
SH_HLF_EMED,2015,2019,3,20,16,FALSE,FALSE,TRUE,exited_early,2020-09-30,2020-09-30,NA,2
SH_IHR_CAPS,2015,2023,9,20601,191,TRUE,FALSE,FALSE,stable,2018-06-20,NA,NA,9
SH_LGR_ACSRHE,2019,2022,2,115,83,FALSE,TRUE,TRUE,entered_late,2020-03-31,2020-03-31,NA,2
SH_LGR_ACSRHEC1,2019,2022,2,147,102,FALSE,TRUE,TRUE,entered_late,2020-03-31,2020-03-31,NA,2
SH_LGR_ACSRHEC10,2019,2022,2,151,103,FALSE,TRUE,TRUE,entered_late,2020-03-31,2020-03-31,NA,2
SH_LGR_ACSRHEC11,2019,2022,2,151,103,FALSE,TRUE,TRUE,entered_late,2020-03-31,2020-03-31,NA,2
SH_LGR_ACSRHEC12,2019,2022,2,151,103,FALSE,TRUE,TRUE,entered_late,2020-03-31,2020-03-31,NA,2
SH_LGR_ACSRHEC13,2019,2022,2,152,103,FALSE,TRUE,TRUE,entered_late,2020-03-31,2020-03-31,NA,2
SH_LGR_ACSRHEC2,2019,2022,2,146,98,FALSE,TRUE,TRUE,entered_late,2020-03-31,2020-03-31,NA,2
SH_LGR_ACSRHEC3,2019,2022,2,131,95,FALSE,TRUE,TRUE,entered_late,2020-03-31,2020-03-31,NA,2
SH_LGR_ACSRHEC4,2019,2022,2,148,100,FALSE,TRUE,TRUE,entered_late,2020-03-31,2020-03-31,NA,2
SH_LGR_ACSRHEC5,2019,2022,2,151,103,FALSE,TRUE,TRUE,entered_late,2020-03-31,2020-03-31,NA,2
SH_LGR_ACSRHEC6,2019,2022,2,151,104,FALSE,TRUE,TRUE,entered_late,2020-03-31,2020-03-31,NA,2
SH_LGR_ACSRHEC7,2019,2022,2,148,101,FALSE,TRUE,TRUE,entered_late,2020-03-31,2020-03-31,NA,2
SH_LGR_ACSRHEC8,2019,2022,2,148,100,FALSE,TRUE,TRUE,entered_late,2020-03-31,2020-03-31,NA,2
SH_LGR_ACSRHEC9,2019,2022,2,141,94,FALSE,TRUE,TRUE,entered_late,2020-03-31,2020-03-31,NA,2
SH_LGR_ACSRHES1,2019,2022,2,120,86,FALSE,TRUE,TRUE,entered_late,2020-03-31,2020-03-31,NA,2
SH_LGR_ACSRHES2,2019,2022,2,148,101,FALSE,TRUE,TRUE,entered_late,2020-03-31,2020-03-31,NA,2
SH_LGR_ACSRHES3,2019,2022,2,140,93,FALSE,TRUE,TRUE,entered_late,2020-03-31,2020-03-31,NA,2
SH_LGR_ACSRHES4,2019,2022,2,150,102,FALSE,TRUE,TRUE,entered_late,2020-03-31,2020-03-31,NA,2
SH_MDD_CHLD,2015,2023,9,95,17,TRUE,FALSE,FALSE,stable,2025-07-14,2025-07-14,NA,4
SH_MDD_WMN_NPRG,2020,2023,4,62,26,FALSE,TRUE,FALSE,entered_late,2025-03-28,2025-03-28,NA,4
SH_MED_DEN,2015,2023,9,4646,185,TRUE,FALSE,FALSE,stable,2018-06-20,NA,NA,12
SH_MED_HWRKDIS,2015,2023,9,2794,138,TRUE,FALSE,FALSE,stable,2020-03-31,2020-03-31,NA,7
SH_OOP_XPD_EARNNET40,2015,2023,9,4312,54,TRUE,FALSE,FALSE,stable,2025-12-12,2025-12-12,NA,1
SH_PRV_SMOK,2015,2020,2,990,165,FALSE,FALSE,TRUE,exited_early,2018-06-20,NA,NA,7
SH_SAN_DEFECT,2015,2023,9,4690,194,TRUE,FALSE,FALSE,stable,2018-06-20,NA,NA,8
SH_SAN_HNDWSH,2015,2023,9,2731,112,TRUE,FALSE,FALSE,stable,2018-06-20,NA,NA,8
SH_SAN_SAFE,2015,2023,9,3251,152,TRUE,FALSE,FALSE,stable,2018-06-20,NA,NA,8
SH_STA_ANEM,2015,2023,9,1728,192,TRUE,FALSE,FALSE,stable,2021-03-31,2021-03-31,NA,3
SH_STA_ANEM_NPRG,2015,2023,9,1728,192,TRUE,FALSE,FALSE,stable,2021-03-31,2021-03-31,NA,3
SH_STA_ANEM_PREG,2015,2023,9,1728,192,TRUE,FALSE,FALSE,stable,2021-03-31,2021-03-31,NA,3
SH_STA_ASAIRP,2019,2019,1,183,183,FALSE,TRUE,TRUE,entered_late,2018-06-20,NA,NA,3
SH_STA_BRTC,2015,2023,9,870,107,TRUE,FALSE,FALSE,stable,2018-06-20,NA,NA,10
SH_STA_FGMS,2015,2023,9,23,5,TRUE,FALSE,FALSE,stable,2018-06-20,NA,NA,14
SH_STA_MALR,2015,2023,9,963,107,TRUE,FALSE,FALSE,stable,2018-06-20,NA,NA,11
SH_STA_MORT,2015,2023,9,1737,193,TRUE,FALSE,FALSE,stable,2018-06-20,NA,NA,10
SH_STA_POISN,2015,2021,4,2208,184,FALSE,FALSE,TRUE,exited_early,2018-06-20,NA,NA,4
SH_STA_SCIDE,2015,2021,4,2208,184,FALSE,FALSE,TRUE,exited_early,2018-06-20,NA,NA,4
SH_STA_STNT,2015,2023,9,4347,161,TRUE,FALSE,FALSE,stable,2018-06-20,NA,NA,10
SH_STA_STNTN,2015,2023,9,4347,161,TRUE,FALSE,FALSE,stable,2018-06-20,NA,NA,9
SH_STA_TRAF,2021,2021,1,192,192,FALSE,TRUE,TRUE,entered_late,2018-06-20,NA,NA,6
SH_STA_TRAFN,2021,2021,1,192,192,FALSE,TRUE,TRUE,entered_late,2024-06-28,2024-06-28,NA,1
SH_STA_WASHARI,2019,2019,1,183,183,FALSE,TRUE,TRUE,entered_late,2022-07-07,2022-07-07,NA,1
SH_STA_WAST,2015,2023,9,304,48,TRUE,FALSE,FALSE,stable,2018-06-20,NA,NA,10
SH_STA_WASTN,2015,2023,9,304,48,TRUE,FALSE,FALSE,stable,2018-06-20,NA,NA,10
SH_SUD_ALCOL,2016,2016,1,564,188,FALSE,TRUE,TRUE,entered_late,2020-07-07,2020-07-07,NA,1
SH_SUD_TREAT,2015,2023,9,2361,61,TRUE,FALSE,FALSE,stable,2020-07-07,2020-07-07,NA,6
SH_TBS_INCD,2015,2023,9,1746,194,TRUE,FALSE,FALSE,stable,2018-06-20,NA,NA,10
SH_TRP_INTVN,2015,2023,9,1728,192,TRUE,FALSE,FALSE,stable,2018-06-20,NA,NA,10
SI_AGR_LSFP,2015,2022,8,168,17,FALSE,FALSE,TRUE,exited_early,2021-03-31,2021-03-31,NA,12
SI_AGR_SSFP,2015,2022,8,181,18,FALSE,FALSE,TRUE,exited_early,2019-07-08,2019-07-08,NA,14
SI_COV_BENFTS,2015,2023,9,652,139,TRUE,FALSE,FALSE,stable,2018-06-20,NA,NA,10
SI_COV_CHLD,2015,2023,9,656,115,TRUE,FALSE,FALSE,stable,2018-06-20,NA,NA,12
SI_COV_DISAB,2015,2023,9,917,131,TRUE,FALSE,FALSE,stable,2018-06-20,NA,NA,10
SI_COV_LMKT,2015,2023,9,313,23,TRUE,FALSE,FALSE,stable,2018-06-20,NA,NA,6
SI_COV_MATNL,2015,2023,9,376,102,TRUE,FALSE,FALSE,stable,2018-06-20,NA,NA,10
SI_COV_PENSN,2015,2023,9,1139,136,TRUE,FALSE,FALSE,stable,2018-06-20,NA,NA,10
SI_COV_POOR,2015,2023,9,290,56,TRUE,FALSE,FALSE,stable,2018-06-20,NA,NA,10
SI_COV_SOCAST,2015,2023,9,608,48,TRUE,FALSE,FALSE,stable,2018-06-20,NA,NA,6
SI_COV_SOCINS,2015,2023,9,562,45,TRUE,FALSE,FALSE,stable,2018-06-20,NA,NA,6
SI_COV_UEMP,2015,2023,9,1265,146,TRUE,FALSE,FALSE,stable,2018-06-20,NA,NA,12
SI_COV_VULN,2015,2023,9,519,117,TRUE,FALSE,FALSE,stable,2018-06-20,NA,NA,10
SI_COV_WKINJRY,2015,2023,9,609,141,TRUE,FALSE,FALSE,stable,2018-06-20,NA,NA,10
SI_DST_FISP,2015,2023,9,802,48,TRUE,FALSE,FALSE,stable,2021-02-19,2021-02-19,NA,6
SI_HEI_TOTL,2015,2023,9,184,34,TRUE,FALSE,FALSE,stable,2018-06-20,NA,NA,10
SI_POV_50MI,2015,2023,9,692,92,TRUE,FALSE,FALSE,stable,2020-07-07,2020-07-07,NA,8
SI_POV_DAY1,2015,2023,9,4489,92,TRUE,FALSE,FALSE,stable,2018-06-20,NA,NA,17
SI_POV_EMP1,2015,2023,9,2574,38,TRUE,FALSE,FALSE,stable,2018-06-20,NA,NA,9
SI_POV_NAHC,2015,2023,9,516,73,TRUE,FALSE,FALSE,stable,2018-06-20,NA,NA,8
SI_RMT_COST,2015,2023,8,806,105,FALSE,FALSE,FALSE,intermittent,2018-06-20,NA,NA,7
SI_RMT_COST_BC,2016,2023,8,2879,48,FALSE,TRUE,FALSE,entered_late,2021-03-31,2021-03-31,NA,5
SI_RMT_COST_SC,2016,2023,8,2691,46,FALSE,TRUE,FALSE,entered_late,2021-03-31,2021-03-31,NA,5
SI_RMT_COST_SND,2015,2023,8,358,48,FALSE,FALSE,FALSE,intermittent,2022-03-31,2022-03-31,NA,3
SL_CPA_YEMP,2019,2023,5,446,106,FALSE,TRUE,FALSE,entered_late,2020-03-31,2020-03-31,NA,7
SL_DOM_TSPD,2015,2023,9,1676,15,TRUE,FALSE,FALSE,stable,2018-06-20,NA,NA,14
SL_DOM_TSPDCW,2015,2023,9,1411,15,TRUE,FALSE,FALSE,stable,2018-06-20,NA,NA,14
SL_DOM_TSPDDC,2015,2023,9,1441,15,TRUE,FALSE,FALSE,stable,2018-06-20,NA,NA,14
SL_EMP_EARN,2015,2023,9,15679,69,TRUE,FALSE,FALSE,stable,2018-06-20,NA,NA,12
SL_EMP_FTLINJUR,2015,2023,9,1541,59,TRUE,FALSE,FALSE,stable,2018-06-20,NA,NA,11
SL_EMP_GTOTL,2015,2023,9,837,93,TRUE,FALSE,FALSE,stable,2018-06-20,NA,NA,9
SL_EMP_INJUR,2015,2023,9,1598,59,TRUE,FALSE,FALSE,stable,2018-06-20,NA,NA,12
SL_EMP_PCAP,2015,2023,9,1625,181,TRUE,FALSE,FALSE,stable,2018-06-20,NA,NA,10
SL_EMP_RCOST_MO,2019,2023,5,24,3,FALSE,TRUE,FALSE,entered_late,2022-04-12,2022-04-12,NA,3
SL_ISV_IFEM,2015,2023,9,5978,90,TRUE,FALSE,FALSE,stable,2020-07-07,NA,NA,10
SL_ISV_IFEM_19ICLS,2015,2023,9,3495,59,TRUE,FALSE,FALSE,stable,2023-03-31,2023-03-31,NA,5
SL_LBR_NTLCPL,2015,2023,9,1674,186,TRUE,FALSE,FALSE,stable,2020-03-31,2020-03-31,NA,8
SL_TLF_CHLDEA,2015,2023,9,264,23,TRUE,FALSE,FALSE,stable,2018-06-20,NA,NA,10
SL_TLF_CHLDEC,2015,2023,9,255,17,TRUE,FALSE,FALSE,stable,2018-06-20,NA,NA,10
SL_TLF_MANF,2015,2023,9,1050,130,TRUE,FALSE,FALSE,stable,2018-06-20,NA,NA,11
SL_TLF_MANF_19ICLS,2015,2023,9,590,78,TRUE,FALSE,FALSE,stable,2023-03-31,2023-03-31,NA,4
SL_TLF_NEET,2015,2023,9,2802,117,TRUE,FALSE,FALSE,stable,2018-06-20,NA,NA,10
SL_TLF_NEET_19ICLS,2015,2023,9,1651,76,TRUE,FALSE,FALSE,stable,2023-03-31,2023-03-31,NA,4
SL_TLF_UEM,2015,2023,9,9610,134,TRUE,FALSE,FALSE,stable,2018-06-20,NA,NA,11
SL_TLF_UEMDIS,2015,2023,9,4375,69,TRUE,FALSE,FALSE,stable,2019-03-29,2019-03-29,NA,9
SL_TLF_UEMDIS_19ICLS,2015,2023,9,3333,51,TRUE,FALSE,FALSE,stable,2023-03-31,2023-03-31,NA,4
SL_TLF_UEM_19ICLS,2015,2023,9,5534,80,TRUE,FALSE,FALSE,stable,2023-03-31,2023-03-31,NA,4
SM_DTH_MIGR,2015,2023,9,601,81,TRUE,FALSE,FALSE,stable,2020-09-30,2020-09-30,NA,11
SM_POP_REFG_OR,2015,2023,9,1764,196,TRUE,FALSE,FALSE,stable,2020-09-30,2020-09-30,NA,10
SN_ITK_DEFC,2015,2023,9,1481,165,TRUE,FALSE,FALSE,stable,2018-06-20,NA,NA,17
SN_ITK_DEFCN,2015,2023,9,977,112,TRUE,FALSE,FALSE,stable,2019-03-29,2019-03-29,NA,16
SN_STA_OVWGT,2015,2023,9,4374,162,TRUE,FALSE,FALSE,stable,2018-06-20,NA,NA,10
SN_STA_OVWGTN,2015,2023,9,4374,162,TRUE,FALSE,FALSE,stable,2018-06-20,NA,NA,8
SP_ACS_BSRVH2O,2015,2023,9,4812,195,TRUE,FALSE,FALSE,stable,2019-07-08,2019-07-08,NA,7
SP_ACS_BSRVSAN,2015,2023,9,4754,195,TRUE,FALSE,FALSE,stable,2019-07-08,2019-07-08,NA,7
SP_DISP_RESOL,2018,2023,6,58,7,FALSE,TRUE,FALSE,entered_late,2022-12-16,2022-12-16,NA,4
SP_DYN_ADKL,2015,2023,9,1949,144,TRUE,FALSE,FALSE,stable,2018-06-20,NA,NA,10
SP_DYN_MRBF15,2015,2023,9,105,17,TRUE,FALSE,FALSE,stable,2018-06-20,NA,NA,9
SP_DYN_MRBF18,2015,2023,9,108,17,TRUE,FALSE,FALSE,stable,2018-06-20,NA,NA,11
SP_GNP_WNOWNS,2015,2023,9,84,31,TRUE,FALSE,FALSE,stable,2020-03-31,2020-03-31,NA,11
SP_LGL_LNDAGSEC,2015,2023,9,258,32,TRUE,FALSE,FALSE,stable,2020-03-31,2020-03-31,NA,12
SP_LGL_LNDDOC,2015,2023,9,206,17,TRUE,FALSE,FALSE,stable,2020-11-03,2020-11-03,NA,2
SP_LGL_LNDSEC,2015,2023,9,83,10,TRUE,FALSE,FALSE,stable,2020-11-03,2020-11-03,NA,2
SP_LGL_LNDSTR,2015,2022,8,458,54,FALSE,FALSE,TRUE,exited_early,2020-11-03,2020-11-03,NA,2
SP_PSR_OSATIS_GOV,2015,2023,7,242,31,FALSE,FALSE,FALSE,intermittent,2022-12-16,2022-12-16,NA,4
SP_PSR_OSATIS_HLTH,2015,2023,9,1402,95,TRUE,FALSE,FALSE,stable,2022-12-16,2022-12-16,NA,5
SP_PSR_OSATIS_PRM,2015,2023,9,106,6,TRUE,FALSE,FALSE,stable,2022-12-16,2022-12-16,NA,4
SP_PSR_OSATIS_SEC,2015,2023,8,225,29,FALSE,FALSE,FALSE,intermittent,2022-12-16,2022-12-16,NA,4
SP_PSR_SATIS_GOV,2015,2023,6,603,30,FALSE,FALSE,FALSE,intermittent,2022-12-16,2022-12-16,NA,4
SP_PSR_SATIS_HLTH,2015,2023,6,528,6,FALSE,FALSE,FALSE,intermittent,2022-12-16,2022-12-16,NA,4
SP_PSR_SATIS_PRM,2015,2023,3,216,4,FALSE,FALSE,FALSE,intermittent,2022-12-16,2022-12-16,NA,4
SP_PSR_SATIS_SEC,2015,2023,5,366,5,FALSE,FALSE,FALSE,intermittent,2022-12-16,2022-12-16,NA,4
SP_ROD_R2KM,2015,2021,6,21,7,FALSE,FALSE,TRUE,exited_early,2020-10-20,2020-10-20,NA,3
SP_TRN_PUBL,2015,2023,9,2487,180,TRUE,FALSE,FALSE,stable,2022-07-07,2022-07-07,NA,8
ST_EEV_ACCSEEA,2015,2023,9,1159,156,TRUE,FALSE,FALSE,stable,2020-03-31,2020-03-31,NA,8
ST_EEV_ACCTSA,2015,2023,9,1200,159,TRUE,FALSE,FALSE,stable,2020-03-31,2020-03-31,NA,8
ST_EEV_STDACCT,2015,2023,9,1213,159,TRUE,FALSE,FALSE,stable,2020-03-31,2020-03-31,NA,7
ST_EMP_TRSMN,2015,2023,9,730,101,TRUE,FALSE,FALSE,stable,2025-03-28,2025-03-28,NA,2
ST_GDP_ZS,2015,2023,9,734,101,TRUE,FALSE,FALSE,stable,2020-03-31,2020-03-31,NA,8
TG_VAL_TOTL_GD_ZS,2015,2023,9,1710,191,TRUE,FALSE,FALSE,stable,2021-09-30,2021-09-30,NA,6
TM_TAX_DMFN,2015,2023,9,10440,191,TRUE,FALSE,FALSE,stable,2019-12-19,NA,NA,9
TM_TAX_DPRF,2015,2023,9,10440,191,TRUE,FALSE,FALSE,stable,2019-12-19,NA,NA,9
TM_TAX_WMFN,2015,2023,9,8034,157,TRUE,FALSE,FALSE,stable,2019-12-19,NA,NA,9
TM_TAX_WMPS,2015,2023,9,8034,157,TRUE,FALSE,FALSE,stable,2019-12-19,NA,NA,9
TM_TRF_ZERO,2015,2023,9,11019,195,TRUE,FALSE,FALSE,stable,2018-06-20,NA,NA,10
TX_EXP_GBMRCH,2015,2023,9,1737,193,TRUE,FALSE,FALSE,stable,2018-06-20,NA,NA,10
TX_EXP_GBSVR,2015,2023,9,1710,192,TRUE,FALSE,FALSE,stable,2018-06-20,NA,NA,10
TX_IMP_GBMRCH,2015,2023,9,1737,193,TRUE,FALSE,FALSE,stable,2018-06-20,NA,NA,10
TX_IMP_GBSVR,2015,2023,9,1711,192,TRUE,FALSE,FALSE,stable,2018-06-20,NA,NA,10
VC_ARM_SZTRACE,2016,2023,8,94,21,FALSE,TRUE,FALSE,entered_late,2020-10-20,2020-10-20,NA,6
VC_DSR_AFFCT,2015,2023,9,2736,119,TRUE,FALSE,FALSE,stable,2018-06-20,NA,NA,12
VC_DSR_AGLH,2015,2023,9,962,74,TRUE,FALSE,FALSE,stable,2018-06-20,NA,2019-09-26,15
VC_DSR_BSDN,2015,2023,9,459,63,TRUE,FALSE,FALSE,stable,2018-06-20,NA,NA,10
VC_DSR_CDAN,2015,2023,9,460,67,TRUE,FALSE,FALSE,stable,2018-06-20,NA,NA,10
VC_DSR_CDYN,2015,2023,9,292,47,TRUE,FALSE,FALSE,stable,2018-06-20,NA,NA,10
VC_DSR_CHLN,2015,2023,9,678,51,TRUE,FALSE,FALSE,stable,2018-06-20,NA,NA,14
VC_DSR_CILN,2015,2023,9,1062,74,TRUE,FALSE,FALSE,stable,2018-06-20,NA,NA,12
VC_DSR_DAFF,2015,2023,9,2736,119,TRUE,FALSE,FALSE,stable,2018-06-20,NA,NA,10
VC_DSR_DDPA,2015,2023,9,664,53,TRUE,FALSE,FALSE,stable,2019-07-08,2019-07-08,NA,10
VC_DSR_EFDN,2015,2023,9,399,57,TRUE,FALSE,FALSE,stable,2018-06-20,NA,NA,10
VC_DSR_ESDN,2015,2023,9,377,50,TRUE,FALSE,FALSE,stable,2018-06-20,NA,NA,10
VC_DSR_GDPLS,2015,2023,9,1608,108,TRUE,FALSE,FALSE,stable,2018-06-20,NA,NA,12
VC_DSR_HFDN,2015,2023,9,350,54,TRUE,FALSE,FALSE,stable,2018-06-20,NA,NA,9
VC_DSR_HOLH,2015,2023,9,1452,95,TRUE,FALSE,FALSE,stable,2018-06-20,2024-03-28,2019-09-26,13
VC_DSR_HSDN,2015,2023,9,359,52,TRUE,FALSE,FALSE,stable,2018-06-20,NA,NA,10
VC_DSR_IJILN,2015,2023,9,2484,110,TRUE,FALSE,FALSE,stable,2018-06-20,NA,NA,10
VC_DSR_LSGP,2015,2023,9,1608,108,TRUE,FALSE,FALSE,stable,2018-06-20,NA,NA,13
VC_DSR_MISS,2015,2023,9,2223,99,TRUE,FALSE,FALSE,stable,2018-06-20,NA,NA,10
VC_DSR_MMHN,2015,2023,9,2943,130,TRUE,FALSE,FALSE,stable,2018-06-20,NA,2019-09-26,13
VC_DSR_MORT,2015,2023,9,2910,127,TRUE,FALSE,FALSE,stable,2018-06-20,NA,NA,11
VC_DSR_MTMP,2015,2023,9,2943,130,TRUE,FALSE,FALSE,stable,2018-06-20,NA,NA,11
VC_DSR_OBDN,2015,2023,9,344,49,TRUE,FALSE,FALSE,stable,2018-06-20,NA,NA,11
VC_DSR_PDAN,2015,2023,9,2220,95,TRUE,FALSE,FALSE,stable,2018-06-20,NA,NA,11
VC_DSR_PDLN,2015,2023,9,1626,69,TRUE,FALSE,FALSE,stable,2018-06-20,NA,NA,10
VC_DSR_PDYN,2015,2023,9,1947,88,TRUE,FALSE,FALSE,stable,2018-06-20,NA,NA,11
VC_DTH_TOCVN,2015,2023,9,1065,19,TRUE,FALSE,FALSE,stable,2020-07-07,2020-07-07,NA,9
VC_DTH_TONCVN,2015,2023,9,138,5,TRUE,FALSE,FALSE,stable,2022-07-07,2022-07-07,NA,7
VC_DTH_TOTN,2015,2023,9,2101,19,TRUE,FALSE,FALSE,stable,2022-07-07,2022-07-07,NA,7
VC_DTH_TOTR,2015,2023,9,134,19,TRUE,FALSE,FALSE,stable,2022-07-07,2022-07-07,NA,8
VC_DTH_TOUNN,2015,2023,9,78,6,TRUE,FALSE,FALSE,stable,2022-07-07,2022-07-07,NA,7
VC_HTF_DETV,2015,2023,9,7823,142,TRUE,FALSE,FALSE,stable,2019-07-08,2019-07-08,NA,5
VC_HTF_DETVFL,2015,2023,9,4441,176,TRUE,FALSE,FALSE,stable,2019-07-08,2019-07-08,NA,6
VC_HTF_DETVFLR,2015,2023,9,4441,176,TRUE,FALSE,FALSE,stable,2023-03-31,2023-03-31,NA,4
VC_HTF_DETVOG,2015,2023,9,3688,174,TRUE,FALSE,FALSE,stable,2019-07-08,2019-07-08,NA,6
VC_HTF_DETVOGR,2015,2023,9,3688,174,TRUE,FALSE,FALSE,stable,2023-03-31,2023-03-31,NA,4
VC_HTF_DETVOP,2015,2023,9,4360,176,TRUE,FALSE,FALSE,stable,2019-07-08,2019-07-08,NA,5
VC_HTF_DETVOPR,2015,2023,9,4360,176,TRUE,FALSE,FALSE,stable,2023-03-31,2023-03-31,NA,4
VC_HTF_DETVR,2015,2023,9,7823,142,TRUE,FALSE,FALSE,stable,2023-03-31,2023-03-31,NA,4
VC_HTF_DETVSX,2015,2023,9,5059,176,TRUE,FALSE,FALSE,stable,2019-07-08,2019-07-08,NA,7
VC_HTF_DETVSXR,2015,2023,9,5059,176,TRUE,FALSE,FALSE,stable,2023-03-31,2023-03-31,NA,4
VC_IHR_PSRC,2015,2023,9,3051,130,TRUE,FALSE,FALSE,stable,2018-06-20,NA,NA,12
VC_IHR_PSRCN,2015,2023,9,3051,130,TRUE,FALSE,FALSE,stable,2018-06-20,NA,NA,10
VC_PRR_PHYV,2015,2023,9,372,35,TRUE,FALSE,FALSE,stable,2019-07-08,2019-07-08,NA,8
VC_PRR_PHY_VIO,2015,2023,9,181,12,TRUE,FALSE,FALSE,stable,2024-03-28,2024-03-28,NA,3
VC_PRR_PSYCHV,2021,2021,1,3,1,FALSE,TRUE,TRUE,entered_late,2024-03-28,2024-03-28,NA,1
VC_PRR_ROBB,2015,2023,9,272,31,TRUE,FALSE,FALSE,stable,2019-07-08,2019-07-08,NA,8
VC_PRR_SEXV,2015,2023,9,92,9,TRUE,FALSE,FALSE,stable,2019-07-08,2019-07-08,NA,8
VC_PRR_SEX_VIO,2015,2023,9,87,8,TRUE,FALSE,FALSE,stable,2024-03-28,2024-03-28,NA,3
VC_PRS_UNSNT,2015,2023,9,2521,129,TRUE,FALSE,FALSE,stable,2018-06-20,NA,NA,13
VC_SNS_WALN_DRK,2015,2023,9,623,50,TRUE,FALSE,FALSE,stable,2022-07-07,2022-07-07,NA,5
VC_VAW_MARR,2023,2023,1,322,161,FALSE,TRUE,FALSE,entered_late,2018-06-20,NA,NA,7
VC_VAW_MTUHRAN,2015,2023,9,428,94,TRUE,FALSE,FALSE,stable,2024-06-28,2024-06-28,NA,3
VC_VAW_NONMARR,2023,2023,1,248,124,FALSE,TRUE,FALSE,entered_late,2026-03-27,2026-03-27,NA,2
VC_VAW_PHYPYV,2015,2023,9,86,16,TRUE,FALSE,FALSE,stable,2018-06-20,NA,NA,9
VC_VAW_SXVLN,2015,2023,9,69,9,TRUE,FALSE,FALSE,stable,2018-06-20,NA,NA,9
VC_VOC_ENFDISN,2015,2023,9,163,85,TRUE,FALSE,FALSE,stable,2025-05-30,2025-05-30,NA,2
VC_VOH_SXPH,2015,2023,9,88,7,TRUE,FALSE,FALSE,stable,2023-03-31,2023-03-31,NA,5
VC_VOV_GDSD,2015,2023,9,14888,42,TRUE,FALSE,FALSE,stable,2020-07-07,2020-07-07,NA,9
VC_VOV_PHYL,2015,2023,9,319,27,TRUE,FALSE,FALSE,stable,2019-07-08,2019-07-08,NA,7
VC_VOV_PHY_ASLT,2015,2023,9,507,42,TRUE,FALSE,FALSE,stable,2024-03-28,2024-03-28,NA,3
VC_VOV_PSYCHL,2015,2023,9,112,8,TRUE,FALSE,FALSE,stable,2024-03-28,2024-03-28,NA,3
VC_VOV_ROBB,2015,2023,9,474,40,TRUE,FALSE,FALSE,stable,2019-07-08,2019-07-08,NA,7
VC_VOV_SEXL,2015,2023,9,196,14,TRUE,FALSE,FALSE,stable,2019-07-08,2019-07-08,NA,7
VC_VOV_SEX_ASLT,2015,2023,9,268,16,TRUE,FALSE,FALSE,stable,2024-03-28,2024-03-28,NA,3
