country_code,country_name.x,log_gdppc,log_pop,log_luminosity,electric_access,spi_overall,tax_rev_gdp,rural_pop_pct
AFG,Afghanistan,0,0,0,0,1,6,0
AGO,Angola,0,0,0,0,1,0,0
ALB,Albania,0,0,0,0,1,0,0
ARE,United Arab Emirates,0,0,0,0,1,0,0
ARG,Argentina,0,0,0,0,1,0,0
ARM,Armenia,0,0,0,0,1,0,0
AUS,Australia,0,0,0,0,1,1,0
AUT,Austria,0,0,0,0,1,0,0
AZE,Azerbaijan,0,0,0,0,1,0,0
BDI,Burundi,0,0,0,0,1,3,0
BEL,Belgium,0,0,0,0,1,0,0
BEN,Benin,0,0,0,0,1,9,0
BFA,Burkina Faso,0,0,0,0,1,0,0
BGD,Bangladesh,0,0,0,0,1,2,0
BGR,Bulgaria,0,0,0,0,1,0,0
BHR,Bahrain,0,0,0,0,1,3,0
BIH,Bosnia & Herzegovina,0,0,0,0,1,0,0
BLR,Belarus,0,0,0,0,1,0,0
BOL,Bolivia,0,0,0,0,1,9,0
BRA,Brazil,0,0,0,0,1,0,0
BRB,Barbados,0,0,0,0,7,7,0
BTN,Bhutan,1,0,0,0,1,3,0
BWA,Botswana,0,0,0,0,1,0,0
CAF,Central African Republic,0,0,0,0,7,2,0
CAN,Canada,0,0,0,0,1,0,0
CHE,Switzerland,0,0,0,0,1,0,0
CHL,Chile,0,0,0,0,1,0,0
CHN,China,0,0,0,0,1,0,0
CIV,Côte d’Ivoire,0,0,0,0,1,0,0
CMR,Cameroon,0,0,0,0,1,2,0
COD,Congo (Kinshasa),0,0,0,0,2,1,0
COG,Congo - Brazzaville,0,0,0,0,1,2,0
COL,Colombia,0,0,0,0,1,0,0
COM,Comoros,0,0,0,0,9,9,0
CPV,Cape Verde,0,0,0,0,1,3,0
CRI,Costa Rica,0,0,0,0,1,0,0
CUB,Cuba,3,0,9,0,9,9,0
CYP,Cyprus,0,0,0,0,1,0,0
CZE,Czechia,0,0,0,0,1,0,0
DEU,Germany,0,0,0,0,1,0,0
DJI,Djibouti,0,0,0,0,1,9,0
DNK,Denmark,0,0,0,0,1,0,0
DOM,Dominican Republic,0,0,0,0,1,0,0
DZA,Algeria,0,0,0,0,1,9,0
ECU,Ecuador,0,0,0,0,1,1,0
EGY,Egypt,0,0,0,0,1,8,0
ERI,Eritrea,9,7,0,0,9,9,0
ESP,Spain,0,0,0,0,1,0,0
EST,Estonia,0,0,0,0,1,0,0
ETH,Ethiopia,0,0,0,0,1,0,0
FIN,Finland,0,0,0,0,1,0,0
FJI,Fiji,0,0,0,0,1,0,0
FRA,France,0,0,0,0,1,0,0
GAB,Gabon,0,0,0,0,1,2,0
GBR,United Kingdom,0,0,0,0,1,0,0
GEO,Georgia,0,0,0,0,1,0,0
GHA,Ghana,0,0,0,0,1,0,0
GIN,Guinea,0,0,0,0,1,9,0
GMB,Gambia,0,0,0,0,1,9,0
GNB,Guinea-Bissau,0,0,0,0,1,2,0
GNQ,Equatorial Guinea,0,0,0,0,5,1,0
GRC,Greece,0,0,0,0,1,0,0
GTM,Guatemala,0,0,0,0,1,0,0
GUY,Guyana,0,0,0,0,1,9,0
HND,Honduras,0,0,0,0,1,7,0
HRV,Croatia,0,0,0,0,1,0,0
HTI,Haiti,0,0,0,0,1,9,0
HUN,Hungary,0,0,0,0,1,0,0
IDN,Indonesia,0,0,0,0,1,9,0
IND,India,0,0,0,0,1,4,0
IRL,Ireland,0,0,0,0,1,0,0
IRN,"Iran, Islamic Rep.",0,0,0,0,1,9,0
IRQ,Iraq,0,0,0,0,1,4,0
ISL,Iceland,0,0,0,0,1,0,0
ISR,Israel,0,0,0,0,1,0,0
ITA,Italy,0,0,0,0,1,0,0
JAM,Jamaica,0,0,0,0,1,3,0
JOR,Jordan,0,0,0,0,1,0,0
JPN,Japan,0,0,0,0,1,9,0
KAZ,Kazakhstan,0,0,0,0,1,0,0
KEN,Kenya,0,0,0,0,1,0,0
KGZ,Kyrgyz Republic,0,0,0,0,1,0,0
KHM,Cambodia,0,0,0,0,1,0,0
KOR,South Korea,0,0,0,0,1,0,0
KWT,Kuwait,0,0,0,0,1,9,0
LAO,Laos,0,0,0,0,1,1,0
LBN,Lebanon,1,0,0,0,1,2,0
LBR,Liberia,0,0,0,0,1,9,0
LBY,Libya,0,0,0,0,1,9,0
LKA,Sri Lanka,0,0,0,0,1,0,0
LSO,Lesotho,0,0,0,0,1,0,0
LTU,Lithuania,0,0,0,0,1,0,0
LUX,Luxembourg,0,0,0,0,1,0,0
LVA,Latvia,0,0,0,0,1,0,0
MAR,Morocco,0,0,0,0,1,0,0
MDA,Moldova,0,0,0,0,1,0,0
MDG,Madagascar,0,0,0,0,1,0,0
MDV,Maldives,0,0,9,0,1,2,0
MEX,Mexico,0,0,0,0,1,0,0
MKD,North Macedonia,0,0,0,0,1,0,0
MLI,Mali,0,0,0,0,1,3,0
MLT,Malta,0,0,0,0,1,0,0
MMR,Myanmar (Burma),0,0,0,0,1,4,0
MNE,Montenegro,0,0,0,0,1,9,0
MNG,Mongolia,0,0,0,0,1,0,0
MOZ,Mozambique,0,0,0,0,1,0,0
MRT,Mauritania,0,0,0,0,1,9,0
MUS,Mauritius,0,0,0,0,1,0,0
MWI,Malawi,0,0,0,0,1,0,0
MYS,Malaysia,0,0,0,0,1,0,0
NAM,Namibia,0,0,0,0,1,0,0
NER,Niger,0,0,0,0,1,9,0
NGA,Nigeria,0,0,0,0,1,9,0
NIC,Nicaragua,0,0,0,0,1,0,0
NLD,Netherlands,0,0,0,0,1,0,0
NOR,Norway,0,0,0,0,1,0,0
NPL,Nepal,0,0,0,0,1,1,0
NZL,New Zealand,0,0,0,0,1,0,0
OMN,Oman,0,0,0,0,1,9,0
PAK,Pakistan,0,0,0,0,1,9,0
PAN,Panama,0,0,0,0,1,0,0
PER,Peru,0,0,0,0,1,2,0
PHL,Philippines,0,0,0,0,1,0,0
PNG,Papua New Guinea,0,0,0,0,1,0,0
POL,Poland,0,0,0,0,1,0,0
PRK,North Korea,9,0,9,0,9,9,0
PRT,Portugal,0,0,0,0,1,0,0
PRY,Paraguay,0,0,0,0,1,0,0
QAT,Qatar,0,0,0,0,1,9,0
ROU,Romania,0,0,0,0,2,0,0
RUS,Russia,0,0,0,0,1,0,0
RWA,Rwanda,0,0,0,0,1,0,0
SAU,Saudi Arabia,0,0,0,0,1,0,0
SDN,Sudan,0,0,0,0,1,7,0
SEN,Senegal,0,0,0,0,1,0,0
SGP,Singapore,0,0,0,0,1,0,0
SLB,Solomon Islands,0,0,0,0,1,0,0
SLE,Sierra Leone,0,0,0,0,1,9,0
SLV,El Salvador,0,0,0,0,1,0,0
SOM,Somalia,0,0,0,0,2,2,0
SRB,Serbia,0,0,0,0,1,1,0
SSD,South Sudan,8,0,9,0,1,9,0
STP,São Tomé & Príncipe,0,0,0,0,1,9,0
SUR,Suriname,0,0,0,0,1,9,0
SVK,Slovakia,0,0,0,0,1,0,0
SVN,Slovenia,0,0,0,0,1,0,0
SWE,Sweden,0,0,0,0,1,0,0
SWZ,Eswatini,0,0,0,0,1,2,0
SYC,Seychelles,0,0,0,0,2,9,0
SYR,Syria,1,0,0,0,2,9,0
TCD,Chad,0,0,0,0,1,9,0
TGO,Togo,0,0,0,0,1,0,0
THA,Thailand,0,0,0,0,1,0,0
TJK,Tajikistan,0,0,0,0,1,6,0
TKM,Turkmenistan,0,0,0,0,1,9,0
TLS,Timor-Leste,0,0,0,0,2,1,0
TTO,Trinidad & Tobago,0,0,0,0,1,4,0
TUN,Tunisia,0,0,0,0,1,9,0
TUR,Turkey,0,0,0,0,1,0,0
TZA,Tanzania,0,0,0,0,1,0,0
UGA,Uganda,0,0,0,0,1,0,0
UKR,Ukraine,0,0,0,0,1,0,0
URY,Uruguay,0,0,0,0,1,0,0
USA,United States,0,0,0,0,1,0,0
UZB,Uzbekistan,0,0,0,0,1,0,0
VEN,Venezuela,9,0,0,0,1,9,0
VNM,Vietnam,0,0,0,0,1,9,0
VUT,Vanuatu,0,0,0,0,1,0,0
YEM,Yemen,0,0,0,0,1,9,0
ZAF,South Africa,0,0,0,0,1,0,0
ZMB,Zambia,0,0,0,0,1,0,0
ZWE,Zimbabwe,0,0,0,0,1,5,0
Total,-,41,7,36,0,226,443,0
