"term","estimate","std.error","statistic","p.value","outcome","category"
"change_categoryModerate backsliding",0.00133757361233135,0.00200451993474925,0.667278777897848,0.505515063502734,"prop_sdg_missing","Moderate backsliding"
"change_categoryLarge backsliding",0.0037277863597782,0.00406276455657348,0.917549197810815,0.360178140743982,"prop_sdg_missing","Large backsliding"
"change_categoryModerate democratization",-0.00172404189483846,0.00238848035932999,-0.721815395342869,0.471417422209791,"prop_sdg_missing","Moderate democratization"
"change_categoryLarge democratization",-0.000191769084053632,0.00367248723712913,-0.0522177673253243,0.958417584528851,"prop_sdg_missing","Large democratization"
"change_categoryModerate backsliding",0.00272877513816622,0.00424634745223694,0.642617018239693,0.521353902747594,"prop_miss_SDG1","Moderate backsliding"
"change_categoryLarge backsliding",0.00812338601943023,0.00823687829906477,0.98622144512595,0.325451164215988,"prop_miss_SDG1","Large backsliding"
"change_categoryModerate democratization",-0.00174198344860618,0.00400597295263211,-0.434846532716009,0.664235225039082,"prop_miss_SDG1","Moderate democratization"
"change_categoryLarge democratization",0.00047304414785967,0.0025479294186771,0.185658262113586,0.8529380682781,"prop_miss_SDG1","Large democratization"
"change_categoryModerate backsliding",-0.000529814224320572,0.00779617645454019,-0.0679582135435159,0.94590019522731,"prop_miss_SDG2","Moderate backsliding"
"change_categoryLarge backsliding",0.0138966458444733,0.0145528407333056,0.954909498368209,0.341003670077402,"prop_miss_SDG2","Large backsliding"
"change_categoryModerate democratization",-0.0234644051085635,0.0108714088821965,-2.15835917522979,0.0323280005330072,"prop_miss_SDG2","Moderate democratization"
"change_categoryLarge democratization",-0.00579154462790247,0.0204707745636257,-0.282917708360357,0.777590296681298,"prop_miss_SDG2","Large democratization"
"change_categoryModerate backsliding",0.00758028797180144,0.00270998139690592,2.79717343464281,0.00576077245668935,"prop_miss_SDG3","Moderate backsliding"
"change_categoryLarge backsliding",0.00525937001718757,0.00407342934807659,1.29114060114261,0.198439301659077,"prop_miss_SDG3","Large backsliding"
"change_categoryModerate democratization",0.00227255076664991,0.0038329891082893,0.592892570901193,0.554055075902758,"prop_miss_SDG3","Moderate democratization"
"change_categoryLarge democratization",0.0040220462763247,0.00688556330574718,0.584127412345132,0.559922792776978,"prop_miss_SDG3","Large democratization"
"change_categoryModerate backsliding",-0.0182396809348552,0.0126285637495629,-1.44431950430519,0.150522657348607,"prop_miss_SDG4","Moderate backsliding"
"change_categoryLarge backsliding",0.0197115572318693,0.0268438152605571,0.734305352668421,0.463792418580999,"prop_miss_SDG4","Large backsliding"
"change_categoryModerate democratization",-0.0155770570356862,0.0144829180809558,-1.0755468579339,0.283681377505908,"prop_miss_SDG4","Moderate democratization"
"change_categoryLarge democratization",0.00215613590456389,0.0261217360925529,0.0825418301802148,0.934314706429584,"prop_miss_SDG4","Large democratization"
"change_categoryModerate backsliding",0.00891501161224322,0.00375440115459962,2.3745495606726,0.0187053308868458,"prop_miss_SDG5","Moderate backsliding"
"change_categoryLarge backsliding",0.0196519397439143,0.0110693988083965,1.77533939142273,0.0776632792539284,"prop_miss_SDG5","Large backsliding"
"change_categoryModerate democratization",-0.00165171337599512,0.0036373968948377,-0.454092149894139,0.650352109844308,"prop_miss_SDG5","Moderate democratization"
"change_categoryLarge democratization",0.00907237495954119,0.00914333841186739,0.992238780943064,0.322516553557622,"prop_miss_SDG5","Large democratization"
"change_categoryModerate backsliding",-0.0014681508603138,0.00448543842916849,-0.327314906557743,0.743839649315623,"prop_miss_SDG6","Moderate backsliding"
"change_categoryLarge backsliding",-0.0147705386432471,0.00648740270688513,-2.27680310759359,0.0240672237551978,"prop_miss_SDG6","Large backsliding"
"change_categoryModerate democratization",-0.00330997666673289,0.00443513016236971,-0.74630879941624,0.456530195424166,"prop_miss_SDG6","Moderate democratization"
"change_categoryLarge democratization",-0.000640997717445498,0.00954748509698124,-0.0671378599635805,0.946552265324012,"prop_miss_SDG6","Large democratization"
"change_categoryModerate backsliding",-1.1952277766463e-19,1e-06,-1.1952277766463e-13,0.999999999999905,"prop_miss_SDG7","Moderate backsliding"
"change_categoryLarge backsliding",7.74520861154105e-20,1e-06,7.74520861154105e-14,0.999999999999938,"prop_miss_SDG7","Large backsliding"
"change_categoryModerate democratization",2.39189189942106e-19,1e-06,2.39189189942106e-13,0.99999999999981,"prop_miss_SDG7","Moderate democratization"
"change_categoryLarge democratization",5.85974651579882e-19,1e-06,5.85974651579882e-13,0.999999999999533,"prop_miss_SDG7","Large democratization"
"change_categoryModerate backsliding",-0.00412943249906579,0.00392980684253606,-1.0507978291373,0.294869638069311,"prop_miss_SDG8","Moderate backsliding"
"change_categoryLarge backsliding",-0.00290509819558428,0.00756630650314084,-0.383951957851344,0.70150246282651,"prop_miss_SDG8","Large backsliding"
"change_categoryModerate democratization",0.0013977309525016,0.00509035221983731,0.274584329755136,0.783974989144872,"prop_miss_SDG8","Moderate democratization"
"change_categoryLarge democratization",-0.00526838876093262,0.00946928718675677,-0.556365928820989,0.578705459198967,"prop_miss_SDG8","Large democratization"
"change_categoryModerate backsliding",0.00482786323709444,0.00419718688067535,1.15026168106139,0.251680569565657,"prop_miss_SDG9","Moderate backsliding"
"change_categoryLarge backsliding",0.00381740646427974,0.00857635594754239,0.44510821234905,0.656817952499352,"prop_miss_SDG9","Large backsliding"
"change_categoryModerate democratization",0.00415504097272732,0.00520280538631467,0.798615489954062,0.425647674763227,"prop_miss_SDG9","Moderate democratization"
"change_categoryLarge democratization",-0.00184581367976165,0.00909356683895734,-0.202980163059239,0.839397634198892,"prop_miss_SDG9","Large democratization"
"change_categoryModerate backsliding",-0.00743443388651294,0.0181319743096687,-0.410017892124886,0.682318320116896,"prop_miss_SDG10","Moderate backsliding"
"change_categoryLarge backsliding",-0.00935065083444295,0.0432681998033451,-0.21610907957673,0.829166464840716,"prop_miss_SDG10","Large backsliding"
"change_categoryModerate democratization",-0.00855948190016772,0.0251007568570038,-0.341004932597456,0.73352850527477,"prop_miss_SDG10","Moderate democratization"
"change_categoryLarge democratization",-0.00646189258250838,0.0449900641713241,-0.143629325752931,0.88596634825832,"prop_miss_SDG10","Large democratization"
"change_categoryModerate backsliding",0.00736228445284333,0.00410827001328557,1.79206440400333,0.074933083118793,"prop_miss_SDG11","Moderate backsliding"
"change_categoryLarge backsliding",-0.00694259345060071,0.0103829161346882,-0.668655449060814,0.504638500448807,"prop_miss_SDG11","Large backsliding"
"change_categoryModerate democratization",0.00441326743414511,0.0062703689017132,0.703828993687965,0.482519475735827,"prop_miss_SDG11","Moderate democratization"
"change_categoryLarge democratization",0.0195791590663121,0.0123453901500824,1.58594899215732,0.114642581466758,"prop_miss_SDG11","Large democratization"
"change_categoryModerate backsliding",-0.000175564114154375,0.00314574466929593,-0.0558100331117049,0.955559856882475,"prop_miss_SDG12","Moderate backsliding"
"change_categoryLarge backsliding",0.00169809094705956,0.00480710908200743,0.353245769565612,0.72434970155937,"prop_miss_SDG12","Large backsliding"
"change_categoryModerate democratization",0.00318223815729409,0.00334487352065968,0.951377724042159,0.342787547039753,"prop_miss_SDG12","Moderate democratization"
"change_categoryLarge democratization",-0.00655686407157213,0.00882519167584377,-0.742971293135708,0.458542927029035,"prop_miss_SDG12","Large democratization"
"change_categoryModerate backsliding",-0.00263474680840233,0.00583099334966922,-0.451852137432431,0.651961813438561,"prop_miss_SDG13","Moderate backsliding"
"change_categoryLarge backsliding",0.0162639791153916,0.0101821472678882,1.59730346531953,0.112088537839051,"prop_miss_SDG13","Large backsliding"
"change_categoryModerate democratization",-0.00409334136029276,0.00753552221884425,-0.543206063417403,0.587712246600172,"prop_miss_SDG13","Moderate democratization"
"change_categoryLarge democratization",0.0148736889702824,0.0135195681859957,1.10016006174586,0.272845711895195,"prop_miss_SDG13","Large democratization"
"change_categoryModerate backsliding",0.0117034923900299,0.0100399685578119,1.16569014361341,0.245401927324806,"prop_miss_SDG14","Moderate backsliding"
"change_categoryLarge backsliding",-0.025397230322676,0.0255445637671224,-0.99423229749431,0.321548182880464,"prop_miss_SDG14","Large backsliding"
"change_categoryModerate democratization",0.0106454785867171,0.0118711301313208,0.896753592029968,0.371141307666152,"prop_miss_SDG14","Moderate democratization"
"change_categoryLarge democratization",-0.0334166169801852,0.0273463364734623,-1.22197783284842,0.223438030721357,"prop_miss_SDG14","Large democratization"
"change_categoryModerate backsliding",0.00663053481242682,0.00431928825803904,1.53509893674869,0.126651906686831,"prop_miss_SDG15","Moderate backsliding"
"change_categoryLarge backsliding",0.000781491843218153,0.00886010277246283,0.0882034738521349,0.929820637186577,"prop_miss_SDG15","Large backsliding"
"change_categoryModerate democratization",0.00652479431267895,0.00551892277766302,1.18225867176237,0.238783672679206,"prop_miss_SDG15","Moderate democratization"
"change_categoryLarge democratization",0.00525026742426661,0.0072293537917922,0.726242977654166,0.468706471781601,"prop_miss_SDG15","Large democratization"
"change_categoryModerate backsliding",-0.00296416282055024,0.00913719554381254,-0.324406192943686,0.746036508650265,"prop_miss_SDG16","Moderate backsliding"
"change_categoryLarge backsliding",0.00339715760598704,0.0194721961246443,0.17446196537059,0.861713740172903,"prop_miss_SDG16","Large backsliding"
"change_categoryModerate democratization",0.00395059522173793,0.0109791007787738,0.359828669154374,0.71942989251041,"prop_miss_SDG16","Moderate democratization"
"change_categoryLarge democratization",-0.00210105584117068,0.0166162754030959,-0.126445655852527,0.899531272421949,"prop_miss_SDG16","Large democratization"
"change_categoryModerate backsliding",0.00684105741485275,0.0047241911863808,1.4480907196505,0.149466511547012,"prop_miss_SDG17","Moderate backsliding"
"change_categoryLarge backsliding",0.018416012716905,0.0072175315754454,2.55156662972667,0.0116212275414404,"prop_miss_SDG17","Large backsliding"
"change_categoryModerate democratization",-0.0090028117821577,0.00589990864413149,-1.5259239295362,0.128920455971744,"prop_miss_SDG17","Moderate democratization"
"change_categoryLarge democratization",0.00848575109447114,0.00998299190199715,0.850020833210686,0.396530498220434,"prop_miss_SDG17","Large democratization"
